studentId,school,current_sem,cs01,cs02,cs03,cs04,cs05,cs06,cs07,cs08,cs09,cs10,cs11,cs12,cs13,cs14,cs15,cs16,cs17,cs18,jupyter,r,sql,javascript,python,c++,c,cmake,java,dart,kotlin,go,swift,c#,aspNet,typescript,php,objective_c,ruby,html,css,scss,rust,internships_no,time_spent,ai_industry,cs_industry,da_industry,gd_industry,ho_industry,is_industry,na_industry,sd_industry,specialisation
1010,STRATH,1.00,55.4,0,40.92,13,25.5,22.3,0,30.3,0,0,0,0,0,0,49.48,0,0,0,91,5,1,0,2,0,0,0,0,0,0,0,0,0,0,0,0,0,0,0,0,0,0,0,0,0,0,0,0,0,0,0,0,AI
1011,STRATH,1.00,54.4,0,45.54,13.7,24.7,21.3,0,30.1,0,0,0,0,0,0,44.99,0,0,0,56,30,1,0,12,0,0,0,0,0,0,0,0,0,0,0,0,0,0,0,0,0,0,0,0,0,0,0,0,0,0,0,0,AI
1012,STRATH,1.00,58,0,43.5,13.1,23.8,21.5,0,31.8,0,0,0,0,0,0,50.91,0,0,0,75,18,2,0,4,0,0,0,0,0,0,0,0,0,0,0,0,0,0,0,0,0,0,0,0,0,0,0,0,0,0,0,0,AI
1013,STRATH,1.00,42.7,0,34.28,10.8,17.7,16.1,0,25.2,0,0,0,0,0,0,37.01,0,0,0,95,3,0,0,2,0,0,0,0,0,0,0,0,0,0,0,0,0,0,0,0,0,0,0,0,0,0,0,0,0,0,0,0,AI
1014,STRATH,1.00,40.1,0,37.73,11.3,18.1,16,0,25.8,0,0,0,0,0,0,31.57,0,0,0,81,19,0,0,0,0,0,0,0,0,0,0,0,0,0,0,0,0,0,0,0,0,0,0,0,0,0,0,0,0,0,0,0,AI
1015,STRATH,1.00,42.2,0,33.44,10.9,19.5,16.5,0,23.8,0,0,0,0,0,0,32.86,0,0,0,67,24,3,0,6,0,0,0,0,0,0,0,0,0,0,0,0,0,0,0,0,0,0,0,0,0,0,0,0,0,0,0,0,AI
1016,STRATH,1.00,30.9,0,21.2,7.7,12.1,12.1,0,16.7,0,0,0,0,0,0,29.44,0,0,0,52,36,6,0,6,0,0,0,0,0,0,0,0,0,0,0,0,0,0,0,0,0,0,0,0,0,0,0,0,0,0,0,0,AI
1017,STRATH,1.00,30.4,0,27.36,7.1,12.5,11.8,0,18,0,0,0,0,0,0,27.28,0,0,0,82,12,0,0,6,0,0,0,0,0,0,0,0,0,0,0,0,0,0,0,0,0,0,0,0,0,0,0,0,0,0,0,0,AI
1018,STRATH,1.00,32.4,0,28.87,7.2,12.1,11.1,0,18.3,0,0,0,0,0,0,30.87,0,0,0,67,18,7,0,7,0,0,0,0,0,0,0,0,0,0,0,0,0,0,0,0,0,0,0,0,0,0,0,0,0,0,0,0,AI
1019,STRATH,1.00,15.7,0,12.08,5.1,6.2,6.9,0,10.4,0,0,0,0,0,0,15.45,0,0,0,33,28,12,0,21,0,0,0,0,0,0,0,0,0,0,0,0,0,0,0,0,0,0,0,0,0,0,0,0,0,0,0,0,AI
1020,STRATH,1.00,19.8,0,13.94,5,6.6,6.5,0,10.3,0,0,0,0,0,0,18.76,0,0,0,98,2,0,0,0,0,0,0,0,0,0,0,0,0,0,0,0,0,0,0,0,0,0,0,0,0,0,0,0,0,0,0,0,AI
1021,STRATH,1.00,15,0,20.85,5,8.5,5.1,0,12,0,0,0,0,0,0,14.32,0,0,0,50,26,10,0,14,0,0,0,0,0,0,0,0,0,0,0,0,0,0,0,0,0,0,0,0,0,0,0,0,0,0,0,0,AI
1022,STRATH,1.00,3.8,0,2.14,2.8,0.4,2.3,0,4.3,0,0,0,0,0,0,1.3,0,0,0,37,28,6,0,26,0,0,0,0,0,0,0,0,0,0,0,0,0,0,0,0,0,0,0,0,0,0,0,0,0,0,0,0,AI
1023,STRATH,1.00,1,0,6.33,2,0.2,2.4,0,3.9,0,0,0,0,0,0,10.38,0,0,0,100,0,0,0,0,0,0,0,0,0,0,0,0,0,0,0,0,0,0,0,0,0,0,0,0,0,0,0,0,0,0,0,0,AI
1024,STRATH,1.00,4.3,0,0.78,1.8,1.2,1.8,0,3.5,0,0,0,0,0,0,9.95,0,0,0,83,6,5,0,6,0,0,0,0,0,0,0,0,0,0,0,0,0,0,0,0,0,0,0,0,0,0,0,0,0,0,0,0,AI
1025,STRATH,2.00,84.6,32.6,75.53,53.3,76.3,17.3,46.9,60.5,0,0,0,0,0,0,49.64,0,0,0,81,7,5,0,6,0,0,0,0,0,0,0,0,0,0,0,0,0,0,0,0,0,0,1,5,1,0,0,0,0,0,0,0,AI
1026,STRATH,2.00,82.2,32.5,66.16,56.5,72.6,17.5,48.7,63.2,0,0,0,0,0,0,43.45,0,0,0,54,29,6,0,8,0,0,0,0,0,0,0,0,0,0,0,0,0,0,0,0,0,0,1,3,1,0,0,0,0,0,0,0,AI
1027,STRATH,2.00,83.9,31.8,69.46,53.4,69.8,16.4,47.2,63.9,0,0,0,0,0,0,44.83,0,0,0,41,36,4,0,18,0,0,0,0,0,0,0,0,0,0,0,0,0,0,0,0,0,0,1,2,1,0,0,0,0,0,0,0,AI
1028,STRATH,2.00,62.4,24.7,53.14,45.2,53.4,12.6,35.7,47.9,0,0,0,0,0,0,39.38,0,0,0,86,8,1,0,5,0,0,0,0,0,0,0,0,0,0,0,0,0,0,0,0,0,0,0,0,0,0,0,0,0,0,0,0,AI
1029,STRATH,2.00,61.3,23.6,60.45,41.9,52.5,13.2,38.1,49.6,0,0,0,0,0,0,40.91,0,0,0,37,30,8,0,19,0,0,0,0,0,0,0,0,0,0,0,0,0,0,0,0,0,0,0,0,0,0,0,0,0,0,0,0,AI
1030,STRATH,2.00,65.3,26.6,58.9,41.8,52.6,12.7,36.6,47.5,0,0,0,0,0,0,37.22,0,0,0,51,21,11,0,17,0,0,0,0,0,0,0,0,0,0,0,0,0,0,0,0,0,0,0,0,0,0,0,0,0,0,0,0,AI
1031,STRATH,2.00,49.5,19.1,35.4,33.7,40.4,9.9,26.5,36.2,0,0,0,0,0,0,30.36,0,0,0,35,25,16,0,21,0,0,0,0,0,0,0,0,0,0,0,0,0,0,0,0,0,0,0,0,0,0,0,0,0,0,0,0,AI
1032,STRATH,2.00,45.1,18.4,45.21,31.7,41.2,9.9,26.3,38.8,0,0,0,0,0,0,28.12,0,0,0,57,41,0,0,2,0,0,0,0,0,0,0,0,0,0,0,0,0,0,0,0,0,0,0,0,0,0,0,0,0,0,0,0,AI
1033,STRATH,2.00,41,19,42.55,29.3,38.4,8.1,27,37,0,0,0,0,0,0,28.69,0,0,0,41,39,0,0,20,0,0,0,0,0,0,0,0,0,0,0,0,0,0,0,0,0,0,0,0,0,0,0,0,0,0,0,0,AI
1034,STRATH,2.00,27.3,11.8,28.25,22.1,21.7,4.9,18.3,20.1,0,0,0,0,0,0,10.15,0,0,0,55,22,4,0,16,0,0,0,0,0,0,0,0,0,0,0,0,0,0,0,0,0,0,0,0,0,0,0,0,0,0,0,0,AI
1035,STRATH,2.00,28,10.4,28.45,22.6,20.3,4.5,15.6,20.8,0,0,0,0,0,0,15.11,0,0,0,45,39,3,0,11,0,0,0,0,0,0,0,0,0,0,0,0,0,0,0,0,0,0,0,0,0,0,0,0,0,0,0,0,AI
1036,STRATH,2.00,20.1,10.8,15.68,21.3,22.2,5.3,16.6,20.9,0,0,0,0,0,0,11.44,0,0,0,50,35,1,0,14,0,0,0,0,0,0,0,0,0,0,0,0,0,0,0,0,0,0,1,6,1,0,0,0,0,0,0,0,AI
1037,STRATH,2.00,8.7,4.7,8.95,6.3,1.5,0.7,6.8,11,0,0,0,0,0,0,10.74,0,0,0,62,28,3,0,6,0,0,0,0,0,0,0,0,0,0,0,0,0,0,0,0,0,0,0,0,0,0,0,0,0,0,0,0,AI
1038,STRATH,2.00,9.8,5,2.07,10.8,7,1.2,8.1,10.5,0,0,0,0,0,0,3.58,0,0,0,48,19,11,0,11,0,0,0,0,0,0,0,0,0,0,0,0,0,0,0,0,0,0,0,0,0,0,0,0,0,0,0,0,AI
1039,STRATH,2.00,9.9,3.6,13.03,8.5,2.1,0.7,5.7,9,0,0,0,0,0,0,2.73,0,0,0,43,31,5,0,19,0,0,0,0,0,0,0,0,0,0,0,0,0,0,0,0,0,0,0,0,0,0,0,0,0,0,0,0,AI
1040,STRATH,3.00,87.8,62.3,74.29,82.2,82,61,94,64.8,49.5,27.9,0,0,93.88,83.23,50.2,45.8,97,0,44,29,12,0,14,0,0,0,0,0,0,0,0,0,0,0,0,0,0,0,0,0,0,0,0,0,0,0,0,0,0,0,0,AI
1041,STRATH,3.00,82.8,62.3,60.5,80.3,85.2,66.3,96.2,61.3,47.9,28.6,0,0,85.15,98.37,49.49,47.1,92.1,0,70,13,7,0,9,0,0,0,0,0,0,0,0,0,0,0,0,0,0,0,0,0,0,1,6,1,0,1,0,0,0,0,0,AI
1042,STRATH,3.00,87.8,63.8,67.99,85.1,85.7,62.3,90.9,61.4,46.4,29.9,0,0,96.05,94.19,50.13,48.6,92.1,0,86,6,3,0,5,0,0,0,0,0,0,0,0,0,0,0,0,0,0,0,0,0,0,1,4,1,0,0,0,0,0,0,0,AI
1043,STRATH,3.00,66.6,47.2,59.42,67.3,63.1,49.6,76.2,53.1,37.4,22.7,0,0,66.22,80.24,30.2,37,73.1,0,42,26,10,0,13,0,0,0,0,0,0,0,0,0,0,0,0,0,0,0,0,0,0,0,0,0,0,0,0,0,0,0,0,AI
1044,STRATH,3.00,64.6,49,60.14,65.2,68.3,49.2,70.4,48.8,38.3,22.3,0,0,79.36,72.46,32.27,35.1,72.3,0,59,22,0,0,19,0,0,0,0,0,0,0,0,0,0,0,0,0,0,0,0,0,0,1,1,1,0,0,0,0,0,0,0,AI
1045,STRATH,3.00,64.5,52,57.64,67.7,63,49.7,74.6,48.9,39.1,22,0,0,66.46,63.72,39.15,37.2,76.6,0,84,5,4,0,4,0,0,0,0,0,0,0,0,0,0,0,0,0,0,0,0,0,0,0,0,0,0,0,0,0,0,0,0,AI
1046,STRATH,3.00,47.7,35.3,45.8,44.9,43.9,36.3,53,37.9,28.3,13.7,0,0,43.69,56.42,26.88,28.4,58.6,0,61,21,0,0,18,0,0,0,0,0,0,0,0,0,0,0,0,0,0,0,0,0,0,1,1,1,0,1,0,0,0,0,0,AI
1047,STRATH,3.00,49.5,35.6,37.06,43.6,42.9,32.7,52.5,34.2,28.9,15.3,0,0,44.26,57.79,21.56,26.9,54.8,0,46,40,3,0,11,0,0,0,0,0,0,0,0,0,0,0,0,0,0,0,0,0,0,0,0,0,0,0,0,0,0,0,0,AI
1048,STRATH,3.00,46,36.2,36.35,47,48.5,30.3,59.1,34.8,25.4,16,0,0,58.44,58.11,30.73,27.7,59.1,0,100,0,0,0,0,0,0,0,0,0,0,0,0,0,0,0,0,0,0,0,0,0,0,1,11,1,0,0,0,0,0,0,0,AI
1049,STRATH,3.00,27.4,22.5,17.88,33.4,28,17.4,34.4,24.4,18.6,9.8,0,0,34.6,38.23,17.03,15.8,34.2,0,33,31,11,0,16,0,0,0,0,0,0,0,0,0,0,0,0,0,0,0,0,0,0,0,0,0,0,0,0,0,0,0,0,AI
1050,STRATH,3.00,27.8,26.3,15.22,27.7,20,21.6,36.4,21.7,18.3,7.9,0,0,37.85,25.89,19.94,18,30.7,0,68,25,2,0,4,0,0,0,0,0,0,0,0,0,0,0,0,0,0,0,0,0,0,1,9,1,0,0,0,0,0,0,0,AI
1051,STRATH,3.00,24.4,23.1,18.22,26.2,21.1,15.1,34.1,20,18.6,7.3,0,0,24.09,26.34,15.88,15.1,35.2,0,82,10,2,0,6,0,0,0,0,0,0,0,0,0,0,0,0,0,0,0,0,0,0,0,0,0,0,0,0,0,0,0,0,AI
1052,STRATH,3.00,2.3,8.6,12.49,11.3,4.3,6.3,19.7,11.7,6.8,0.4,0,0,0.79,9.77,1.73,10,18,0,54,19,8,0,15,0,0,0,0,0,0,0,0,0,0,0,0,0,0,0,0,0,0,0,0,0,0,0,0,0,0,0,0,AI
1053,STRATH,3.00,2.9,9.9,3,15.3,0,5.3,14.2,12.9,9.6,1.9,0,0,7.31,12.82,4.59,9,18.5,0,47,41,2,0,10,0,0,0,0,0,0,0,0,0,0,0,0,0,0,0,0,0,0,0,0,0,0,0,0,0,0,0,0,AI
1054,STRATH,3.00,5.8,7.9,1,13.7,4.8,4.2,16.6,8.1,7,2,0,0,1.88,1.42,1.74,5.7,16.8,0,56,32,4,0,7,0,0,0,0,0,0,0,0,0,0,0,0,0,0,0,0,0,0,1,11,1,0,0,0,0,0,0,0,AI
1055,STRATH,4.00,89.2,98.8,84.89,96.8,82.8,83.9,95.2,93.5,96.5,87.1,95,0,90,90.21,100.02,92.5,98.4,0,30,23,14,0,19,0,0,0,0,0,0,0,0,0,0,0,0,0,0,0,0,0,0,1,16,1,0,1,0,0,0,0,0,AI
1056,STRATH,4.00,84.1,91.5,85.01,95.9,81.7,84.5,95.2,95.2,90.4,87.1,93.9,0,100.35,92.02,80.64,90.2,90.6,0,67,14,5,0,12,0,0,0,0,0,0,0,0,0,0,0,0,0,0,0,0,0,0,1,14,1,0,0,0,0,0,0,0,AI
1057,STRATH,4.00,85,98.3,90.76,97.4,83.9,85.5,94.9,98.3,96.6,87.6,98.1,0,93.61,90.35,88.76,91.1,95.5,0,54,20,10,0,12,0,0,0,0,0,0,0,0,0,0,0,0,0,0,0,0,0,0,1,5,1,0,1,0,0,0,0,0,AI
1058,STRATH,4.00,62.5,79.9,77.33,79,69.4,68.4,73.2,70.5,74.2,60.6,78.5,0,61.73,74.84,68.89,72.4,79.1,0,57,32,1,0,9,0,0,0,0,0,0,0,0,0,0,0,0,0,0,0,0,0,0,1,10,1,0,0,0,0,0,0,0,AI
1059,STRATH,4.00,60.7,70.7,60.44,71.1,66.1,69.5,73.7,77.1,71.8,61,74.9,0,67.37,77.41,68.67,71.9,73.5,0,52,31,6,0,7,0,0,0,0,0,0,0,0,0,0,0,0,0,0,0,0,0,0,1,8,1,0,1,0,0,0,0,0,AI
1060,STRATH,4.00,66.2,70.7,61.36,74.8,68.3,61.3,77,76.8,79,65.7,70.2,0,67.36,62.52,76.54,74.2,70.8,0,97,2,0,0,1,0,0,0,0,0,0,0,0,0,0,0,0,0,0,0,0,0,0,1,6,1,0,0,0,0,0,0,0,AI
1061,STRATH,4.00,42.6,52.9,48.18,59.9,45.7,48.1,54.9,59.5,50.7,43.8,56.7,0,52.79,60.2,60.13,52.5,56.6,0,72,19,2,0,7,0,0,0,0,0,0,0,0,0,0,0,0,0,0,0,0,0,0,1,15,1,0,0,0,0,0,0,0,AI
1062,STRATH,4.00,40.8,50,58.76,50.4,42.9,49.7,56.8,58,53.8,45.5,53.5,0,50.83,41.07,57.77,54.6,56.1,0,70,15,1,0,14,0,0,0,0,0,0,0,0,0,0,0,0,0,0,0,0,0,0,0,0,0,0,0,0,0,0,0,0,AI
1063,STRATH,4.00,46.4,52,50.67,54,44.5,45.4,59.3,55.2,55.7,49.2,57.2,0,48.26,41.72,50.88,58.7,56.8,0,41,29,1,0,28,0,0,0,0,0,0,0,0,0,0,0,0,0,0,0,0,0,0,1,7,1,0,0,0,0,0,0,0,AI
1064,STRATH,4.00,29.4,39.9,20.54,35.5,24,21.5,39.9,32.8,39.4,22.8,37.5,0,34.47,23.97,37.93,33.8,33.4,0,40,28,5,0,23,0,0,0,0,0,0,0,0,0,0,0,0,0,0,0,0,0,0,1,2,1,0,1,0,0,0,0,0,AI
1065,STRATH,4.00,21.9,33.7,32.2,31,23.7,21.9,38.4,32.9,35.1,23.7,36.5,0,39.51,26.03,34.85,33.4,31.7,0,45,43,5,0,5,0,0,0,0,0,0,0,0,0,0,0,0,0,0,0,0,0,0,1,8,1,0,0,0,0,0,0,0,AI
1066,STRATH,4.00,24.3,34.3,33.55,39.7,24.5,27.1,31.9,40,39.5,21.6,32.5,0,34.06,33.62,24.08,34.1,34.1,0,48,35,5,0,9,0,0,0,0,0,0,0,0,0,0,0,0,0,0,0,0,0,0,0,0,0,0,0,0,0,0,0,0,AI
1067,STRATH,4.00,5.4,16.5,18.27,16.7,6.1,8.6,12.3,12.3,17.2,5.6,18.1,0,7.32,15.75,12.95,16.3,14.2,0,48,21,9,0,14,0,0,0,0,0,0,0,0,0,0,0,0,0,0,0,0,0,0,1,14,1,0,0,0,0,0,0,0,AI
1068,STRATH,4.00,9.6,16.4,7.23,11.1,5.4,2.8,14,14.8,15,4.5,10.8,0,6.59,6.13,18.16,19.6,18,0,33,25,16,0,24,0,0,0,0,0,0,0,0,0,0,0,0,0,0,0,0,0,0,1,14,1,0,1,0,0,0,0,0,AI
1069,STRATH,4.00,7.2,12.9,10.55,11.1,7.8,6.7,15.9,16.2,19.1,3.5,12.6,0,17.62,13.81,18.76,16.4,14.2,0,62,26,4,0,8,0,0,0,0,0,0,0,0,0,0,0,0,0,0,0,0,0,0,0,0,0,0,0,0,0,0,0,0,AI
1070,STRATH,1.00,62.2,0,40.92,11.9,28,22.6,0,30.1,0,0,0,0,0,0,49.48,0,0,0,0,0,0,0,0,0,0,0,0,0,0,0,0,0,0,0,0,0,0,0,0,0,0,0,0,0,0,0,0,0,0,0,0,CS
1071,STRATH,1.00,63,0,45.54,12.6,26.3,24,0,31,0,0,0,0,0,0,44.99,0,0,0,0,0,0,20,68,5,5,0,0,0,0,0,0,0,0,0,0,0,0,0,0,0,0,0,0,0,0,0,0,0,0,0,0,CS
1072,STRATH,1.00,63.2,0,43.5,12.2,27.4,23.3,0,33.1,0,0,0,0,0,0,50.91,0,0,0,0,0,0,32,52,10,5,0,0,0,0,0,0,0,0,0,0,0,0,0,0,0,0,0,0,0,0,0,0,0,0,0,0,CS
1073,STRATH,1.00,53.1,0,34.28,8.7,22.3,17.9,0,25.6,0,0,0,0,0,0,37.01,0,0,0,0,0,0,33,40,13,12,0,0,0,0,0,0,0,0,0,0,0,0,0,0,0,0,0,0,0,0,0,0,0,0,0,0,CS
1074,STRATH,1.00,49,0,37.73,9,20.3,19.2,0,23.9,0,0,0,0,0,0,31.57,0,0,0,0,0,0,30,33,24,11,0,0,0,0,0,0,0,0,0,0,0,0,0,0,0,0,0,0,0,0,0,0,0,0,0,0,CS
1075,STRATH,1.00,52.8,0,33.44,9.2,20.6,19.1,0,23.4,0,0,0,0,0,0,32.86,0,0,0,0,0,0,45,45,9,1,0,0,0,0,0,0,0,0,0,0,0,0,0,0,0,0,0,0,0,0,0,0,0,0,0,0,CS
1076,STRATH,1.00,38.7,0,21.2,6.6,16.9,13,0,19.8,0,0,0,0,0,0,29.44,0,0,0,0,0,0,9,79,5,4,0,0,0,0,0,0,0,0,0,0,0,0,0,0,0,0,0,0,0,0,0,0,0,0,0,0,CS
1077,STRATH,1.00,34,0,27.36,6.7,16.9,14.7,0,17.8,0,0,0,0,0,0,27.28,0,0,0,0,0,0,21,45,19,8,0,0,0,0,0,0,0,0,0,0,0,0,0,0,0,0,0,0,0,0,0,0,0,0,0,0,CS
1078,STRATH,1.00,36.8,0,28.87,7,15,13.3,0,16.8,0,0,0,0,0,0,30.87,0,0,0,0,0,0,10,87,2,1,0,0,0,0,0,0,0,0,0,0,0,0,0,0,0,0,0,0,0,0,0,0,0,0,0,0,CS
1079,STRATH,1.00,26.4,0,12.08,3.2,11.1,8,0,12.9,0,0,0,0,0,0,15.45,0,0,0,0,0,0,5,89,3,2,0,0,0,0,0,0,0,0,0,0,0,0,0,0,0,0,0,0,0,0,0,0,0,0,0,0,CS
1080,STRATH,1.00,25.4,0,13.94,3.3,9.6,8.4,0,12.1,0,0,0,0,0,0,18.76,0,0,0,0,0,0,20,79,1,0,0,0,0,0,0,0,0,0,0,0,0,0,0,0,0,0,0,0,0,0,0,0,0,0,0,0,CS
1081,STRATH,1.00,21.8,0,20.85,3.4,9.6,9.2,0,12.3,0,0,0,0,0,0,14.32,0,0,0,0,0,0,20,61,10,6,0,0,0,0,0,0,0,0,0,0,0,0,0,0,0,0,0,0,0,0,0,0,0,0,0,0,CS
1082,STRATH,1.00,9.1,0,2.14,0.1,5.2,3.1,0,5.2,0,0,0,0,0,0,1.3,0,0,0,0,0,0,26,38,18,15,0,0,0,0,0,0,0,0,0,0,0,0,0,0,0,0,0,0,0,0,0,0,0,0,0,0,CS
1083,STRATH,1.00,12.4,0,6.33,1.1,5.1,2.6,0,6.6,0,0,0,0,0,0,10.38,0,0,0,0,0,0,24,57,12,7,0,0,0,0,0,0,0,0,0,0,0,0,0,0,0,0,0,0,0,0,0,0,0,0,0,0,CS
1084,STRATH,1.00,8.4,0,0.78,1.4,2.9,2.8,0,5.7,0,0,0,0,0,0,9.95,0,0,0,0,0,0,14,85,1,0,0,0,0,0,0,0,0,0,0,0,0,0,0,0,0,0,0,0,0,0,0,0,0,0,0,0,CS
1085,STRATH,2.00,98.9,30.6,75.53,48.1,82.5,19.9,46.7,63.5,0,0,0,0,0,0,49.64,0,0,0,0,0,0,32,65,2,1,0,0,0,0,0,0,0,0,0,0,0,0,0,0,0,0,1,5,0,1,0,0,0,0,0,0,CS
1086,STRATH,2.00,92,32,66.16,48.3,77.5,19,46.9,60.8,0,0,0,0,0,0,43.45,0,0,0,0,0,0,31,52,11,4,0,0,0,0,0,0,0,0,0,0,0,0,0,0,0,0,1,3,0,1,0,0,0,0,0,0,CS
1087,STRATH,2.00,98.8,32.6,69.46,47.8,84.4,19.7,49.5,61.5,0,0,0,0,0,0,44.83,0,0,0,0,0,0,2,95,2,1,0,0,0,0,0,0,0,0,0,0,0,0,0,0,0,0,1,2,0,1,0,0,0,0,0,0,CS
1088,STRATH,2.00,74.2,26.5,53.14,38.6,67.6,15.4,35.2,52.7,0,0,0,0,0,0,39.38,0,0,0,0,0,0,9,75,9,7,0,0,0,0,0,0,0,0,0,0,0,0,0,0,0,0,0,0,0,0,0,0,0,0,0,0,CS
1089,STRATH,2.00,79.2,25.7,60.45,34.9,63.6,14.6,38.1,48.7,0,0,0,0,0,0,40.91,0,0,0,0,0,0,46,53,1,0,0,0,0,0,0,0,0,0,0,0,0,0,0,0,0,0,0,0,0,0,0,0,0,0,0,0,CS
1090,STRATH,2.00,72.4,24.2,58.9,34.7,61.3,14.5,37.8,50.6,0,0,0,0,0,0,37.22,0,0,0,0,0,0,46,47,6,1,0,0,0,0,0,0,0,0,0,0,0,0,0,0,0,0,0,0,0,0,0,0,0,0,0,0,CS
1091,STRATH,2.00,51.6,19.6,35.4,22.9,43.3,11.6,29.7,36.9,0,0,0,0,0,0,30.36,0,0,0,0,0,0,10,85,5,0,0,0,0,0,0,0,0,0,0,0,0,0,0,0,0,0,0,0,0,0,0,0,0,0,0,0,CS
1092,STRATH,2.00,50.9,19.1,45.21,25.6,50.5,11.3,25.3,38.9,0,0,0,0,0,0,28.12,0,0,0,0,0,0,35,39,19,6,0,0,0,0,0,0,0,0,0,0,0,0,0,0,0,0,0,0,0,0,0,0,0,0,0,0,CS
1093,STRATH,2.00,57.8,19.2,42.55,24.3,50,11.8,25.8,35.7,0,0,0,0,0,0,28.69,0,0,0,0,0,0,42,43,15,0,0,0,0,0,0,0,0,0,0,0,0,0,0,0,0,0,0,0,0,0,0,0,0,0,0,0,CS
1094,STRATH,2.00,34.2,11.7,28.25,13.1,33.2,7.6,17.3,20.3,0,0,0,0,0,0,10.15,0,0,0,0,0,0,32,56,9,2,0,0,0,0,0,0,0,0,0,0,0,0,0,0,0,0,0,0,0,0,0,0,0,0,0,0,CS
1095,STRATH,2.00,36.1,13,28.45,16,29.9,7.3,19.4,20.7,0,0,0,0,0,0,15.11,0,0,0,0,0,0,0,100,0,0,0,0,0,0,0,0,0,0,0,0,0,0,0,0,0,0,0,0,0,0,0,0,0,0,0,0,CS
1096,STRATH,2.00,37.4,13.2,15.68,15,29.3,7.2,19.7,20.2,0,0,0,0,0,0,11.44,0,0,0,0,0,0,17,61,10,8,0,0,0,0,0,0,0,0,0,0,0,0,0,0,0,0,1,6,0,1,0,0,0,0,0,0,CS
1097,STRATH,2.00,19.3,5.4,8.95,5.2,9.2,3.6,6.6,8.3,0,0,0,0,0,0,10.74,0,0,0,0,0,0,28,49,11,8,0,0,0,0,0,0,0,0,0,0,0,0,0,0,0,0,0,0,0,0,0,0,0,0,0,0,CS
1098,STRATH,2.00,14.7,3.3,2.07,5,16.1,2.5,8,11.8,0,0,0,0,0,0,3.58,0,0,0,0,0,0,43,49,3,3,0,0,0,0,0,0,0,0,0,0,0,0,0,0,0,0,0,0,0,0,0,0,0,0,0,0,CS
1099,STRATH,2.00,13.4,6,13.03,1.7,15.1,2.7,6.9,6.7,0,0,0,0,0,0,2.73,0,0,0,0,0,0,28,35,21,13,0,0,0,0,0,0,0,0,0,0,0,0,0,0,0,0,0,0,0,0,0,0,0,0,0,0,CS
1100,STRATH,3.00,92.5,63.1,74.29,69.5,91.5,73.2,93.1,63.5,43.2,30.6,0,0,93.88,83.23,50.2,46,92.9,0,0,0,0,49,51,0,0,0,0,0,0,0,0,0,0,0,0,0,0,0,0,0,0,0,0,0,0,0,0,0,0,0,0,CS
1101,STRATH,3.00,98.4,61.1,60.5,71.5,94.6,71.1,95.9,66.6,42.8,31.6,0,0,85.15,98.37,49.49,47.9,90.3,0,0,0,0,33,34,22,6,0,0,0,0,0,0,0,0,0,0,0,0,0,0,0,0,1,6,0,1,0,0,0,0,0,0,CS
1102,STRATH,3.00,94.4,62.6,67.99,69.9,97.3,74.4,93.8,65.6,41.8,30.4,0,0,96.05,94.19,50.13,48.5,91.5,0,0,0,0,29,39,28,3,0,0,0,0,0,0,0,0,0,0,0,0,0,0,0,0,1,4,0,1,0,0,0,0,0,0,CS
1103,STRATH,3.00,71.5,52.1,59.42,54.7,74.5,53.7,73.5,50.8,34.2,26.2,0,0,66.22,80.24,30.2,38.7,70.9,0,0,0,0,13,86,1,0,0,0,0,0,0,0,0,0,0,0,0,0,0,0,0,0,0,0,0,0,0,0,0,0,0,0,CS
1104,STRATH,3.00,72.5,52.1,60.14,56.6,76.2,57.1,70.8,46.9,31.3,25.1,0,0,79.36,72.46,32.27,35.2,77,0,0,0,0,45,52,3,0,0,0,0,0,0,0,0,0,0,0,0,0,0,0,0,0,1,1,0,1,0,0,0,0,0,0,CS
1105,STRATH,3.00,75,48.5,57.64,52.9,73.5,57.1,72.4,49.7,30.1,24.8,0,0,66.46,63.72,39.15,37.1,71.3,0,0,0,0,28,38,25,9,0,0,0,0,0,0,0,0,0,0,0,0,0,0,0,0,0,0,0,0,0,0,0,0,0,0,CS
1106,STRATH,3.00,53.5,35.9,45.8,36.8,55.3,41.8,52.1,38.2,20.4,17.4,0,0,43.69,56.42,26.88,25.6,56.6,0,0,0,0,30,33,26,10,0,0,0,0,0,0,0,0,0,0,0,0,0,0,0,0,1,1,0,1,0,0,0,0,1,0,CS
1107,STRATH,3.00,59.9,36.1,37.06,40.7,51.7,38.4,55,33.7,24.2,17.1,0,0,44.26,57.79,21.56,26.8,57.7,0,0,0,0,23,34,23,10,0,0,0,0,0,0,0,0,0,0,0,0,0,0,0,0,0,0,0,0,0,0,0,0,0,0,CS
1108,STRATH,3.00,56.1,34.4,36.35,41.8,53.9,43.5,52.7,34.8,23.7,17,0,0,58.44,58.11,30.73,29,59,0,0,0,0,7,91,2,0,0,0,0,0,0,0,0,0,0,0,0,0,0,0,0,0,1,11,0,1,0,0,0,0,0,0,CS
1109,STRATH,3.00,30.3,20.4,17.88,19.4,30.7,25.5,34.4,26,11.2,10.2,0,0,34.6,38.23,17.03,17.5,36.4,0,0,0,0,4,93,1,1,0,0,0,0,0,0,0,0,0,0,0,0,0,0,0,0,0,0,0,0,0,0,0,0,0,0,CS
1110,STRATH,3.00,31.2,21.5,15.22,22.6,36.6,29.7,39.8,21.6,12.8,12.1,0,0,37.85,25.89,19.94,18,39.4,0,0,0,0,15,65,14,6,0,0,0,0,0,0,0,0,0,0,0,0,0,0,0,0,1,9,0,1,0,0,0,0,0,0,CS
1111,STRATH,3.00,38,24.3,18.22,18.9,33.4,28.7,30.7,26.3,13.6,10.4,0,0,24.09,26.34,15.88,15.1,31.2,0,0,0,0,21,76,2,1,0,0,0,0,0,0,0,0,0,0,0,0,0,0,0,0,0,0,0,0,0,0,0,0,0,0,CS
1112,STRATH,3.00,16.1,9.6,12.49,5.2,14.4,10.1,12.5,10.2,1.5,4,0,0,0.79,9.77,1.73,6,16.9,0,0,0,0,31,53,8,5,0,0,0,0,0,0,0,0,0,0,0,0,0,0,0,0,0,0,0,0,0,0,0,0,0,0,CS
1113,STRATH,3.00,12.1,9.7,3,7.2,10.4,14.5,10.5,12.8,0.8,5.2,0,0,7.31,12.82,4.59,5.9,11.2,0,0,0,0,32,36,28,3,0,0,0,0,0,0,0,0,0,0,0,0,0,0,0,0,0,0,0,0,0,0,0,0,0,0,CS
1114,STRATH,3.00,18.3,6.7,1,4.8,11.2,9.7,16.2,12.4,4.8,3.6,0,0,1.88,1.42,1.74,8.9,19,0,0,0,0,8,85,5,2,0,0,0,0,0,0,0,0,0,0,0,0,0,0,0,0,1,11,0,1,0,0,0,0,0,0,CS
1115,STRATH,4.00,93.9,91.4,84.89,89,95.2,90.1,91.9,99.9,87,94.2,96.4,0,90,90.21,100.02,92.2,97.9,0,0,0,0,26,38,18,17,0,0,0,0,0,0,0,0,0,0,0,0,0,0,0,0,1,16,0,1,0,0,0,0,1,0,CS
1116,STRATH,4.00,99.2,93.1,85.01,80.8,99.6,99,92.1,91.8,84.8,96.8,99,0,100.35,92.02,80.64,95.9,90.1,0,0,0,0,19,73,5,2,0,0,0,0,0,0,0,0,0,0,0,0,0,0,0,0,1,14,0,1,0,0,0,0,0,0,CS
1117,STRATH,4.00,99.7,99.8,90.76,81.6,94.7,94.6,90.2,95.7,88.7,91.8,98.6,0,93.61,90.35,88.76,94.2,96.6,0,0,0,0,7,81,7,5,0,0,0,0,0,0,0,0,0,0,0,0,0,0,0,0,1,5,0,1,0,0,0,0,0,0,CS
1118,STRATH,4.00,71.6,70.5,77.33,62.9,73.5,75.8,73.8,74.9,62,73.3,72.3,0,61.73,74.84,68.89,79.6,73.4,0,0,0,0,6,91,3,0,0,0,0,0,0,0,0,0,0,0,0,0,0,0,0,0,1,10,0,1,0,0,0,0,0,0,CS
1119,STRATH,4.00,79,79.5,60.44,63.3,75.5,73.1,73.6,77.5,69.6,72.5,73.7,0,67.37,77.41,68.67,72,78.6,0,0,0,0,0,100,0,0,0,0,0,0,0,0,0,0,0,0,0,0,0,0,0,0,1,8,0,1,0,0,0,0,1,0,CS
1120,STRATH,4.00,72.3,72.1,61.36,62.2,72.6,76.6,76.7,72.8,62.2,72.8,79.8,0,67.36,62.52,76.54,76.7,74.4,0,0,0,0,34,50,13,3,0,0,0,0,0,0,0,0,0,0,0,0,0,0,0,0,1,6,0,1,0,0,0,0,0,0,CS
1121,STRATH,4.00,52.1,57.3,48.18,45.5,53.3,58.2,52.4,55.2,49.4,52.8,53,0,52.79,60.2,60.13,58.8,51.7,0,0,0,0,7,92,1,0,0,0,0,0,0,0,0,0,0,0,0,0,0,0,0,0,1,15,0,1,0,0,0,0,1,0,CS
1122,STRATH,4.00,59.6,53.2,58.76,40.8,56.8,52.3,54.1,52.6,42.6,59.3,50.7,0,50.83,41.07,57.77,56.7,56.2,0,0,0,0,21,52,14,10,0,0,0,0,0,0,0,0,0,0,0,0,0,0,0,0,0,0,0,0,0,0,0,0,0,0,CS
1123,STRATH,4.00,51.5,56.9,50.67,43,59.3,55,52.7,53.9,43.8,55,54.2,0,48.26,41.72,50.88,51.5,57.2,0,0,0,0,30,69,1,0,0,0,0,0,0,0,0,0,0,0,0,0,0,0,0,0,1,7,0,1,0,0,0,0,0,0,CS
1124,STRATH,4.00,31.2,36.6,20.54,28.6,38.2,32.8,31.8,30.9,25.4,32.7,32.7,0,34.47,23.97,37.93,32.5,32.1,0,0,0,0,18,71,7,4,0,0,0,0,0,0,0,0,0,0,0,0,0,0,0,0,1,2,0,1,0,0,0,0,0,0,CS
1125,STRATH,4.00,33.8,33.8,32.2,22.9,38.3,32.2,36.7,34.5,21.7,31.2,34,0,39.51,26.03,34.85,39,39.3,0,0,0,0,41,52,7,0,0,0,0,0,0,0,0,0,0,0,0,0,0,0,0,0,1,8,0,1,0,0,0,0,0,0,CS
1126,STRATH,4.00,34.1,37,33.55,23.8,35,30.5,37.9,34.6,26,38.7,33.8,0,34.06,33.62,24.08,35.8,36.1,0,0,0,0,25,73,2,0,0,0,0,0,0,0,0,0,0,0,0,0,0,0,0,0,0,0,0,0,0,0,0,0,0,0,CS
1127,STRATH,4.00,16.1,11.1,18.27,6.3,11,16.8,10.1,14.6,0.4,19.8,20,0,7.32,15.75,12.95,20,14.1,0,0,0,0,26,40,24,9,0,0,0,0,0,0,0,0,0,0,0,0,0,0,0,0,1,14,0,1,0,0,0,0,0,0,CS
1128,STRATH,4.00,17.5,13,7.23,5.9,15,13.6,19.4,12.5,6.3,13.4,14.3,0,6.59,6.13,18.16,14.5,11.8,0,0,0,0,18,78,4,0,0,0,0,0,0,0,0,0,0,0,0,0,0,0,0,0,1,14,0,1,0,0,0,0,0,0,CS
1129,STRATH,4.00,10,15.1,10.55,3,10.3,17.4,18.7,11.3,0.5,14.2,19.6,0,17.62,13.81,18.76,18,14,0,0,0,0,23,45,15,14,0,0,0,0,0,0,0,0,0,0,0,0,0,0,0,0,0,0,0,0,0,0,0,0,0,0,CS
1130,STRATH,1.00,62.3,0,40.92,12.1,26.5,21.7,0,32.1,0,0,0,0,0,0,49.48,0,0,0,0,0,54,0,7,0,0,0,0,0,0,0,0,0,0,0,37,0,0,0,0,0,0,0,0,0,0,0,0,0,0,0,0,DA
1131,STRATH,1.00,62.8,0,45.54,11.7,27.2,20.4,0,31.6,0,0,0,0,0,0,44.99,0,0,0,0,0,53,0,12,0,0,0,0,0,0,0,0,0,0,0,22,0,0,0,0,0,0,0,0,0,0,0,0,0,0,0,0,DA
1132,STRATH,1.00,63.8,0,43.5,11.8,26.7,20,0,30.4,0,0,0,0,0,0,50.91,0,0,0,0,0,57,0,0,0,0,0,0,0,0,0,0,0,0,0,43,0,0,0,0,0,0,0,0,0,0,0,0,0,0,0,0,DA
1133,STRATH,1.00,53.3,0,34.28,8.7,20.1,15.7,0,25.3,0,0,0,0,0,0,37.01,0,0,0,0,0,33,0,17,0,0,0,0,0,0,0,0,0,0,0,23,0,0,0,0,0,0,0,0,0,0,0,0,0,0,0,0,DA
1134,STRATH,1.00,46.8,0,37.73,9.2,22.6,16.9,0,26.4,0,0,0,0,0,0,31.57,0,0,0,0,0,45,0,15,0,0,0,0,0,0,0,0,0,0,0,35,0,0,0,0,0,0,0,0,0,0,0,0,0,0,0,0,DA
1135,STRATH,1.00,49.5,0,33.44,9,22.1,17.5,0,23.5,0,0,0,0,0,0,32.86,0,0,0,0,0,76,0,6,0,0,0,0,0,0,0,0,0,0,0,15,0,0,0,0,0,0,0,0,0,0,0,0,0,0,0,0,DA
1136,STRATH,1.00,33.4,0,21.2,7,14.5,11.7,0,18.2,0,0,0,0,0,0,29.44,0,0,0,0,0,38,0,19,0,0,0,0,0,0,0,0,0,0,0,20,0,0,0,0,0,0,0,0,0,0,0,0,0,0,0,0,DA
1137,STRATH,1.00,38.5,0,27.36,6.5,16.6,11.3,0,19.5,0,0,0,0,0,0,27.28,0,0,0,0,0,88,0,5,0,0,0,0,0,0,0,0,0,0,0,5,0,0,0,0,0,0,0,0,0,0,0,0,0,0,0,0,DA
1138,STRATH,1.00,35.6,0,28.87,6,14.4,10.9,0,17.6,0,0,0,0,0,0,30.87,0,0,0,0,0,62,0,8,0,0,0,0,0,0,0,0,0,0,0,23,0,0,0,0,0,0,0,0,0,0,0,0,0,0,0,0,DA
1139,STRATH,1.00,26.6,0,12.08,3.9,10.5,6.8,0,10.3,0,0,0,0,0,0,15.45,0,0,0,0,0,53,0,12,0,0,0,0,0,0,0,0,0,0,0,22,0,0,0,0,0,0,0,0,0,0,0,0,0,0,0,0,DA
1140,STRATH,1.00,20.6,0,13.94,4.1,9.2,6.3,0,11.6,0,0,0,0,0,0,18.76,0,0,0,0,0,79,0,2,0,0,0,0,0,0,0,0,0,0,0,16,0,0,0,0,0,0,0,0,0,0,0,0,0,0,0,0,DA
1141,STRATH,1.00,23.7,0,20.85,3.8,9.1,7.2,0,12.8,0,0,0,0,0,0,14.32,0,0,0,0,0,31,0,22,0,0,0,0,0,0,0,0,0,0,0,27,0,0,0,0,0,0,0,0,0,0,0,0,0,0,0,0,DA
1142,STRATH,1.00,11.3,0,2.14,0.4,2.9,1.8,0,6.2,0,0,0,0,0,0,1.3,0,0,0,0,0,74,0,8,0,0,0,0,0,0,0,0,0,0,0,10,0,0,0,0,0,0,0,0,0,0,0,0,0,0,0,0,DA
1143,STRATH,1.00,11,0,6.33,0.6,3,0.5,0,6.4,0,0,0,0,0,0,10.38,0,0,0,0,0,91,0,4,0,0,0,0,0,0,0,0,0,0,0,4,0,0,0,0,0,0,0,0,0,0,0,0,0,0,0,0,DA
1144,STRATH,1.00,11,0,0.78,0.4,4.4,0.3,0,3.6,0,0,0,0,0,0,9.95,0,0,0,0,0,69,0,4,0,0,0,0,0,0,0,0,0,0,0,27,0,0,0,0,0,0,0,0,0,0,0,0,0,0,0,0,DA
1145,STRATH,2.00,98.7,32.7,75.53,47.3,81.4,16.8,45.6,66.3,0,0,0,0,0,0,49.64,0,0,0,0,0,97,0,1,0,0,0,0,0,0,0,0,0,0,0,1,0,0,0,0,0,0,1,5,0,0,1,0,0,0,0,0,DA
1146,STRATH,2.00,97.7,32.3,66.16,51,85.7,17.6,49,63,0,0,0,0,0,0,43.45,0,0,0,0,0,44,0,18,0,0,0,0,0,0,0,0,0,0,0,19,0,0,0,0,0,0,1,3,0,0,1,0,0,0,0,0,DA
1147,STRATH,2.00,92.2,32.3,69.46,49.1,77.5,17.2,49.9,63.6,0,0,0,0,0,0,44.83,0,0,0,0,0,94,0,2,0,0,0,0,0,0,0,0,0,0,0,3,0,0,0,0,0,0,1,2,0,0,1,0,0,0,0,0,DA
1148,STRATH,2.00,74.9,24.1,53.14,36.6,62.2,13.5,38.3,48.2,0,0,0,0,0,0,39.38,0,0,0,0,0,91,0,3,0,0,0,0,0,0,0,0,0,0,0,5,0,0,0,0,0,0,0,0,0,0,0,0,0,0,0,0,DA
1149,STRATH,2.00,72.8,24.8,60.45,38.9,64.1,12.3,36.6,51.4,0,0,0,0,0,0,40.91,0,0,0,0,0,64,0,13,0,0,0,0,0,0,0,0,0,0,0,13,0,0,0,0,0,0,0,0,0,0,0,0,0,0,0,0,DA
1150,STRATH,2.00,71.3,24,58.9,35.8,63.3,13.6,36.7,47.6,0,0,0,0,0,0,37.22,0,0,0,0,0,97,0,1,0,0,0,0,0,0,0,0,0,0,0,2,0,0,0,0,0,0,0,0,0,0,0,0,0,0,0,0,DA
1151,STRATH,2.00,59.8,17.4,35.4,26.8,45.6,8.1,29.3,38.7,0,0,0,0,0,0,30.36,0,0,0,0,0,59,0,6,0,0,0,0,0,0,0,0,0,0,0,31,0,0,0,0,0,0,0,0,0,0,0,0,0,0,0,0,DA
1152,STRATH,2.00,51.4,18.4,45.21,27.4,44.2,8,28.8,36.8,0,0,0,0,0,0,28.12,0,0,0,0,0,36,0,29,0,0,0,0,0,0,0,0,0,0,0,30,0,0,0,0,0,0,0,0,0,0,0,0,0,0,0,0,DA
1153,STRATH,2.00,55.7,18.9,42.55,24.5,47.9,9.9,29.7,34.8,0,0,0,0,0,0,28.69,0,0,0,0,0,89,0,1,0,0,0,0,0,0,0,0,0,0,0,10,0,0,0,0,0,0,0,0,0,0,0,0,0,0,0,0,DA
1154,STRATH,2.00,30.1,10.5,28.25,11.6,28,5.4,16.3,21.8,0,0,0,0,0,0,10.15,0,0,0,0,0,66,0,8,0,0,0,0,0,0,0,0,0,0,0,24,0,0,0,0,0,0,0,0,0,0,0,0,0,0,0,0,DA
1155,STRATH,2.00,34.8,13,28.45,15.1,28.4,4.8,16.2,24.8,0,0,0,0,0,0,15.11,0,0,0,0,0,62,0,10,0,0,0,0,0,0,0,0,0,0,0,19,0,0,0,0,0,0,0,0,0,0,0,0,0,0,0,0,DA
1156,STRATH,2.00,35,10.5,15.68,15.4,28.2,5,15.8,24.9,0,0,0,0,0,0,11.44,0,0,0,0,0,75,0,9,0,0,0,0,0,0,0,0,0,0,0,16,0,0,0,0,0,0,1,6,0,0,0,0,0,0,0,0,DA
1157,STRATH,2.00,12.3,5.9,8.95,0.1,10.5,0.5,6.1,6.9,0,0,0,0,0,0,10.74,0,0,0,0,0,44,0,7,0,0,0,0,0,0,0,0,0,0,0,43,0,0,0,0,0,0,0,0,0,0,0,0,0,0,0,0,DA
1158,STRATH,2.00,10.6,5.9,2.07,5.6,13.3,0.1,9,12.5,0,0,0,0,0,0,3.58,0,0,0,0,0,90,0,2,0,0,0,0,0,0,0,0,0,0,0,7,0,0,0,0,0,0,0,0,0,0,0,0,0,0,0,0,DA
1159,STRATH,2.00,10.1,4.2,13.03,4.8,12.1,0.8,5.2,7.1,0,0,0,0,0,0,2.73,0,0,0,0,0,78,0,6,0,0,0,0,0,0,0,0,0,0,0,13,0,0,0,0,0,0,0,0,0,0,0,0,0,0,0,0,DA
1160,STRATH,3.00,91.2,62.6,74.29,71.7,91.8,64.5,96.5,65.8,49.2,31.6,0,0,93.88,83.23,50.2,47,92.9,0,0,0,67,0,0,0,0,0,0,0,0,0,0,0,0,0,33,0,0,0,0,0,0,0,0,0,0,0,0,0,0,0,0,DA
1161,STRATH,3.00,92.1,62.3,60.5,70,92.6,64.8,97.9,63.8,45.2,31.3,0,0,85.15,98.37,49.49,47.3,93.3,0,0,0,32,0,26,0,0,0,0,0,0,0,0,0,0,0,30,0,0,0,0,0,0,1,6,0,0,1,0,0,0,0,0,DA
1162,STRATH,3.00,96,66.4,67.99,76.7,92.9,60.1,97.3,63.5,45.8,31.5,0,0,96.05,94.19,50.13,48.9,96.3,0,0,0,54,0,14,0,0,0,0,0,0,0,0,0,0,0,24,0,0,0,0,0,0,1,4,0,0,1,0,0,0,0,0,DA
1163,STRATH,3.00,79.5,49.4,59.42,54.2,80,51,75.2,48.6,37.5,25.5,0,0,66.22,80.24,30.2,37.2,77.4,0,0,0,64,0,14,0,0,0,0,0,0,0,0,0,0,0,15,0,0,0,0,0,0,0,0,0,0,0,0,0,0,0,0,DA
1164,STRATH,3.00,77.8,48.4,60.14,54.6,76.3,51.1,73.1,52.9,36.1,23.4,0,0,79.36,72.46,32.27,35.9,75.5,0,0,0,43,0,13,0,0,0,0,0,0,0,0,0,0,0,31,0,0,0,0,0,0,1,1,0,0,1,0,0,0,0,0,DA
1165,STRATH,3.00,71.7,52.3,57.64,55.3,70.4,48.8,74.7,48.9,37.7,25.1,0,0,66.46,63.72,39.15,39.7,78,0,0,0,60,0,5,0,0,0,0,0,0,0,0,0,0,0,32,0,0,0,0,0,0,0,0,0,0,0,0,0,0,0,0,DA
1166,STRATH,3.00,58.9,36.2,45.8,36.9,59.4,30.7,52.6,37.9,26.5,17,0,0,43.69,56.42,26.88,29.1,57.9,0,0,0,47,0,12,0,0,0,0,0,0,0,0,0,0,0,30,0,0,0,0,0,0,1,1,0,0,1,0,0,0,0,0,DA
1167,STRATH,3.00,53.5,38.3,37.06,38.9,58.4,32.5,56.7,33.7,26,17.5,0,0,44.26,57.79,21.56,26.9,57.6,0,0,0,75,0,8,0,0,0,0,0,0,0,0,0,0,0,14,0,0,0,0,0,0,0,0,0,0,0,0,0,0,0,0,DA
1168,STRATH,3.00,57.9,38.3,36.35,34.7,51.7,32.9,55.2,35.7,27.7,18.8,0,0,58.44,58.11,30.73,25.1,55.2,0,0,0,72,0,2,0,0,0,0,0,0,0,0,0,0,0,26,0,0,0,0,0,0,1,11,0,0,1,0,0,0,0,0,DA
1169,STRATH,3.00,35.6,22.4,17.88,24.1,34.5,19.2,30.6,20.7,18.5,13.1,0,0,34.6,38.23,17.03,15.5,30.6,0,0,0,62,0,11,0,0,0,0,0,0,0,0,0,0,0,18,0,0,0,0,0,0,0,0,0,0,0,0,0,0,0,0,DA
1170,STRATH,3.00,33.2,25.6,15.22,24.8,34.4,15.4,34.8,22.5,17.7,12.3,0,0,37.85,25.89,19.94,17.2,39.4,0,0,0,49,0,5,0,0,0,0,0,0,0,0,0,0,0,44,0,0,0,0,0,0,1,9,0,0,1,0,0,0,0,0,DA
1171,STRATH,3.00,34.7,25.9,18.22,17.2,34.3,19.7,34.9,26.1,15.8,11.3,0,0,24.09,26.34,15.88,15.9,31.8,0,0,0,51,0,11,0,0,0,0,0,0,0,0,0,0,0,31,0,0,0,0,0,0,0,0,0,0,0,0,0,0,0,0,DA
1172,STRATH,3.00,15.4,12.1,12.49,3.6,16,5.4,13.3,10.1,6.3,4.5,0,0,0.79,9.77,1.73,7.7,14.9,0,0,0,97,0,1,0,0,0,0,0,0,0,0,0,0,0,1,0,0,0,0,0,0,0,0,0,0,0,0,0,0,0,0,DA
1173,STRATH,3.00,17.9,12.1,3,1.2,16.5,5.6,11.3,8.6,6.8,4.7,0,0,7.31,12.82,4.59,9.2,10.4,0,0,0,62,0,10,0,0,0,0,0,0,0,0,0,0,0,17,0,0,0,0,0,0,0,0,0,0,0,0,0,0,0,0,DA
1174,STRATH,3.00,16.7,6.9,1,8.1,11.5,3.4,16.5,7.1,5.1,5.3,0,0,1.88,1.42,1.74,5.6,15.8,0,0,0,86,0,5,0,0,0,0,0,0,0,0,0,0,0,8,0,0,0,0,0,0,1,11,0,0,1,0,0,0,0,0,DA
1175,STRATH,4.00,93.7,98.3,84.89,81.7,93.7,86.3,93.2,97.7,93.9,93.9,92.7,0,90,90.21,100.02,95.6,96.5,0,0,0,52,0,2,0,0,0,0,0,0,0,0,0,0,0,46,0,0,0,0,0,0,1,16,0,0,1,0,0,0,0,0,DA
1176,STRATH,4.00,94.6,99.5,85.01,89.3,90.7,84.1,91.6,99.7,95.4,99,92,0,100.35,92.02,80.64,97.7,97.8,0,0,0,91,0,2,0,0,0,0,0,0,0,0,0,0,0,7,0,0,0,0,0,0,1,14,0,0,1,0,0,0,0,0,DA
1177,STRATH,4.00,95.8,97.4,90.76,80.7,96.1,82.1,97,98.4,93.5,94.7,97,0,93.61,90.35,88.76,94.2,97.3,0,0,0,78,0,0,0,0,0,0,0,0,0,0,0,0,0,22,0,0,0,0,0,0,1,5,0,0,1,0,0,0,0,0,DA
1178,STRATH,4.00,71.3,75.4,77.33,63.7,76.1,60.2,79.9,74.2,73.1,70.3,76.5,0,61.73,74.84,68.89,75.2,73,0,0,0,61,0,2,0,0,0,0,0,0,0,0,0,0,0,35,0,0,0,0,0,0,1,10,0,0,1,0,0,0,0,0,DA
1179,STRATH,4.00,78.7,70.3,60.44,60.3,77.1,60.5,74.1,79.6,78.3,75,77.2,0,67.37,77.41,68.67,77.1,76.9,0,0,0,78,0,6,0,0,0,0,0,0,0,0,0,0,0,12,0,0,0,0,0,0,1,8,0,0,1,0,0,0,0,0,DA
1180,STRATH,4.00,72.8,75.8,61.36,64.9,72,66.4,76.4,77.2,71.5,75.6,80,0,67.36,62.52,76.54,77,75,0,0,0,72,0,8,0,0,0,0,0,0,0,0,0,0,0,11,0,0,0,0,0,0,1,6,0,0,1,0,0,0,0,0,DA
1181,STRATH,4.00,58.9,51.8,48.18,45.6,57,42.3,56.5,53.9,57,56.3,53.1,0,52.79,60.2,60.13,59.7,56,0,0,0,70,0,8,0,0,0,0,0,0,0,0,0,0,0,14,0,0,0,0,0,0,1,15,0,0,1,0,0,0,0,0,DA
1182,STRATH,4.00,51.5,59.7,58.76,44.9,55.6,42.2,57.2,53,53.2,57.7,55.1,0,50.83,41.07,57.77,52.5,57.7,0,0,0,71,0,3,0,0,0,0,0,0,0,0,0,0,0,23,0,0,0,0,0,0,0,0,0,0,0,0,0,0,0,0,DA
1183,STRATH,4.00,51.2,59.7,50.67,46.7,58.7,48.4,59.9,50.3,51.2,52.3,58.8,0,48.26,41.72,50.88,52.7,51.7,0,0,0,65,0,4,0,0,0,0,0,0,0,0,0,0,0,28,0,0,0,0,0,0,1,7,0,0,1,0,0,0,0,0,DA
1184,STRATH,4.00,33.1,38.6,20.54,27.2,38.6,26.7,39.8,34.7,35.1,30.7,38.4,0,34.47,23.97,37.93,33,33.6,0,0,0,44,0,11,0,0,0,0,0,0,0,0,0,0,0,36,0,0,0,0,0,0,1,2,0,0,1,0,0,0,0,0,DA
1185,STRATH,4.00,39.9,39.3,32.2,24.3,37.9,28.4,32.3,32.2,30.6,35.1,35.2,0,39.51,26.03,34.85,30,36.5,0,0,0,41,0,20,0,0,0,0,0,0,0,0,0,0,0,29,0,0,0,0,0,0,1,8,0,0,1,0,0,0,0,0,DA
1186,STRATH,4.00,36.1,31.5,33.55,24.2,30.8,23.2,32.1,32.2,35.5,36,30.9,0,34.06,33.62,24.08,35.6,30.4,0,0,0,71,0,7,0,0,0,0,0,0,0,0,0,0,0,16,0,0,0,0,0,0,0,0,0,0,0,0,0,0,0,0,DA
1187,STRATH,4.00,13.5,13.4,18.27,8,16.5,2.7,15.6,15.5,16.3,15.3,12.5,0,7.32,15.75,12.95,13.1,10.7,0,0,0,73,0,4,0,0,0,0,0,0,0,0,0,0,0,20,0,0,0,0,0,0,1,14,0,0,1,0,0,0,0,0,DA
1188,STRATH,4.00,13.7,10.8,7.23,1.4,15.2,1.2,12.6,10.9,13.2,17.5,11.1,0,6.59,6.13,18.16,19.3,16.4,0,0,0,40,0,23,0,0,0,0,0,0,0,0,0,0,0,23,0,0,0,0,0,0,1,14,0,0,1,0,0,0,0,0,DA
1189,STRATH,4.00,17.4,15.7,10.55,5.7,16.6,5.3,16.2,15.8,16.5,11,10.2,0,17.62,13.81,18.76,16.7,17.3,0,0,0,42,0,13,0,0,0,0,0,0,0,0,0,0,0,38,0,0,0,0,0,0,0,0,0,0,0,0,0,0,0,0,DA
1190,STRATH,1.00,63.4,0,40.92,13.9,26.9,22.6,0,30.3,0,0,0,0,0,0,49.48,0,0,0,0,0,0,3,0,0,0,0,0,0,0,0,0,0,0,0,0,0,0,94,3,0,0,0,0,0,0,0,0,0,0,0,0,GD
1191,STRATH,1.00,65.8,0,45.54,13.1,27.6,24.1,0,31.1,0,0,0,0,0,0,44.99,0,0,0,0,0,0,12,0,0,0,0,0,0,0,0,0,0,0,0,0,0,0,72,14,2,0,0,0,0,0,0,0,0,0,0,0,GD
1192,STRATH,1.00,66.5,0,43.5,14.2,26.5,24.4,0,31.4,0,0,0,0,0,0,50.91,0,0,0,0,0,0,5,0,0,0,0,0,0,0,0,0,0,0,0,0,0,0,82,6,5,0,0,0,0,0,0,0,0,0,0,0,GD
1193,STRATH,1.00,49.3,0,34.28,10.5,22.5,19.5,0,26.4,0,0,0,0,0,0,37.01,0,0,0,0,0,0,1,0,0,0,0,0,0,0,0,0,0,0,0,0,0,0,98,1,0,0,0,0,0,0,0,0,0,0,0,0,GD
1194,STRATH,1.00,47.2,0,37.73,10.3,22.5,18.5,0,23.5,0,0,0,0,0,0,31.57,0,0,0,0,0,0,32,0,0,0,0,0,0,0,0,0,0,0,0,0,0,0,36,32,0,0,0,0,0,0,0,0,0,0,0,0,GD
1195,STRATH,1.00,49.9,0,33.44,11.1,22.4,18.4,0,26.1,0,0,0,0,0,0,32.86,0,0,0,0,0,0,19,0,0,0,0,0,0,0,0,0,0,0,0,0,0,0,47,30,3,0,0,0,0,0,0,0,0,0,0,0,GD
1196,STRATH,1.00,38.8,0,21.2,8.6,15.6,14.3,0,19.2,0,0,0,0,0,0,29.44,0,0,0,0,0,0,6,0,0,0,0,0,0,0,0,0,0,0,0,0,0,0,60,34,0,0,0,0,0,0,0,0,0,0,0,0,GD
1197,STRATH,1.00,38.3,0,27.36,7.4,14.9,13.7,0,19.8,0,0,0,0,0,0,27.28,0,0,0,0,0,0,10,0,0,0,0,0,0,0,0,0,0,0,0,0,0,0,62,27,1,0,0,0,0,0,0,0,0,0,0,0,GD
1198,STRATH,1.00,37.3,0,28.87,7.4,16.1,14.4,0,18.1,0,0,0,0,0,0,30.87,0,0,0,0,0,0,6,0,0,0,0,0,0,0,0,0,0,0,0,0,0,0,54,36,2,0,0,0,0,0,0,0,0,0,0,0,GD
1199,STRATH,1.00,24,0,12.08,4.8,10.6,9,0,12.1,0,0,0,0,0,0,15.45,0,0,0,0,0,0,3,0,0,0,0,0,0,0,0,0,0,0,0,0,0,0,84,12,1,0,0,0,0,0,0,0,0,0,0,0,GD
1200,STRATH,1.00,21.2,0,13.94,4.9,10,9.9,0,11.7,0,0,0,0,0,0,18.76,0,0,0,0,0,0,5,0,0,0,0,0,0,0,0,0,0,0,0,0,0,0,74,18,2,0,0,0,0,0,0,0,0,0,0,0,GD
1201,STRATH,1.00,23.3,0,20.85,4.7,10.3,8.3,0,10.1,0,0,0,0,0,0,14.32,0,0,0,0,0,0,4,0,0,0,0,0,0,0,0,0,0,0,0,0,0,0,91,5,0,0,0,0,0,0,0,0,0,0,0,0,GD
1202,STRATH,1.00,7,0,2.14,1.7,4.3,3.4,0,5.1,0,0,0,0,0,0,1.3,0,0,0,0,0,0,13,0,0,0,0,0,0,0,0,0,0,0,0,0,0,0,45,38,3,0,0,0,0,0,0,0,0,0,0,0,GD
1203,STRATH,1.00,11.1,0,6.33,1.7,4.8,3.9,0,4.8,0,0,0,0,0,0,10.38,0,0,0,0,0,0,21,0,0,0,0,0,0,0,0,0,0,0,0,0,0,0,41,24,11,0,0,0,0,0,0,0,0,0,0,0,GD
1204,STRATH,1.00,12.8,0,0.78,2.1,3.5,3,0,4.4,0,0,0,0,0,0,9.95,0,0,0,0,0,0,4,0,0,0,0,0,0,0,0,0,0,0,0,0,0,0,86,8,2,0,0,0,0,0,0,0,0,0,0,0,GD
1205,STRATH,2.00,95.5,31.9,75.53,55.6,77.2,19.9,47.3,64.2,0,0,0,0,0,0,49.64,0,0,0,0,0,0,6,0,0,0,0,0,0,0,0,0,0,0,0,0,0,0,80,6,5,0,1,5,0,0,0,1,0,0,0,0,GD
1206,STRATH,2.00,99.8,31.8,66.16,53.7,79.8,20,45.8,66.6,0,0,0,0,0,0,43.45,0,0,0,0,0,0,2,0,0,0,0,0,0,0,0,0,0,0,0,0,0,0,49,48,1,0,1,3,0,0,0,1,0,0,0,0,GD
1207,STRATH,2.00,95.6,30.9,69.46,54.8,80.4,19.3,49.4,63,0,0,0,0,0,0,44.83,0,0,0,0,0,0,12,0,0,0,0,0,0,0,0,0,0,0,0,0,0,0,66,20,2,0,1,2,0,0,0,1,0,0,0,0,GD
1208,STRATH,2.00,78.7,25.2,53.14,45.3,67,15.4,39.2,48.8,0,0,0,0,0,0,39.38,0,0,0,0,0,0,12,0,0,0,0,0,0,0,0,0,0,0,0,0,0,0,65,15,8,0,0,0,0,0,0,0,0,0,0,0,GD
1209,STRATH,2.00,72.8,24.2,60.45,41.6,62,14.8,36.7,53.2,0,0,0,0,0,0,40.91,0,0,0,0,0,0,10,0,0,0,0,0,0,0,0,0,0,0,0,0,0,0,64,19,7,0,0,0,0,0,0,0,0,0,0,0,GD
1210,STRATH,2.00,78.7,24.3,58.9,41.6,64.3,15.1,36.6,50.8,0,0,0,0,0,0,37.22,0,0,0,0,0,0,0,0,0,0,0,0,0,0,0,0,0,0,0,0,0,0,62,38,0,0,0,0,0,0,0,0,0,0,0,0,GD
1211,STRATH,2.00,55.7,16.9,35.4,28.9,45.9,11,26.1,37,0,0,0,0,0,0,30.36,0,0,0,0,0,0,19,0,0,0,0,0,0,0,0,0,0,0,0,0,0,0,37,24,13,0,0,0,0,0,0,0,0,0,0,0,GD
1212,STRATH,2.00,57,17.9,45.21,33.5,45.6,11.8,29.6,36,0,0,0,0,0,0,28.12,0,0,0,0,0,0,7,0,0,0,0,0,0,0,0,0,0,0,0,0,0,0,78,13,2,0,0,0,0,0,0,0,0,0,0,0,GD
1213,STRATH,2.00,55.2,19,42.55,34.3,49.8,11.2,26.2,36.4,0,0,0,0,0,0,28.69,0,0,0,0,0,0,8,0,0,0,0,0,0,0,0,0,0,0,0,0,0,0,54,34,2,0,0,0,0,0,0,0,0,0,0,0,GD
1214,STRATH,2.00,36.1,10.3,28.25,17.3,30.4,7.3,15.5,20.5,0,0,0,0,0,0,10.15,0,0,0,0,0,0,15,0,0,0,0,0,0,0,0,0,0,0,0,0,0,0,44,30,8,0,0,0,0,0,0,0,0,0,0,0,GD
1215,STRATH,2.00,32.3,11.5,28.45,18.9,29.4,7.2,18.6,24.1,0,0,0,0,0,0,15.11,0,0,0,0,0,0,1,0,0,0,0,0,0,0,0,0,0,0,0,0,0,0,94,5,0,0,0,0,0,0,0,0,0,0,0,0,GD
1216,STRATH,2.00,34.7,10.6,15.68,22.1,26.2,7.7,17.4,22.9,0,0,0,0,0,0,11.44,0,0,0,0,0,0,1,0,0,0,0,0,0,0,0,0,0,0,0,0,0,0,54,43,1,0,1,6,0,0,0,1,0,0,0,0,GD
1217,STRATH,2.00,11.9,5.6,8.95,10.1,12.9,2.3,6.5,7.7,0,0,0,0,0,0,10.74,0,0,0,0,0,0,22,0,0,0,0,0,0,0,0,0,0,0,0,0,0,0,38,28,8,0,0,0,0,0,0,0,0,0,0,0,GD
1218,STRATH,2.00,12.9,3.7,2.07,10.8,17,3.4,6.6,9.8,0,0,0,0,0,0,3.58,0,0,0,0,0,0,1,0,0,0,0,0,0,0,0,0,0,0,0,0,0,0,97,2,0,0,0,0,0,0,0,0,0,0,0,0,GD
1219,STRATH,2.00,19.2,6,13.03,9.1,15.7,3.7,9.4,13,0,0,0,0,0,0,2.73,0,0,0,0,0,0,10,0,0,0,0,0,0,0,0,0,0,0,0,0,0,0,62,21,4,0,0,0,0,0,0,0,0,0,0,0,GD
1220,STRATH,3.00,92,64.2,74.29,80.5,98.3,68.9,90.2,63.9,49.4,31.7,0,0,93.88,83.23,50.2,42.6,85.2,0,0,0,0,25,0,0,0,0,0,0,0,0,0,0,0,0,0,0,0,43,25,7,0,0,0,0,0,0,0,0,0,0,0,GD
1221,STRATH,3.00,98.3,61.5,60.5,78,91.6,71,92.9,66.6,49.8,30.8,0,0,85.15,98.37,49.49,42.1,89.6,0,0,0,0,12,0,0,0,0,0,0,0,0,0,0,0,0,0,0,0,54,18,9,0,1,6,0,0,0,1,0,0,0,1,GD
1222,STRATH,3.00,90.1,62.8,67.99,77.7,90.2,71.8,90.6,64.4,46.4,32.6,0,0,96.05,94.19,50.13,41.7,85,0,0,0,0,9,0,0,0,0,0,0,0,0,0,0,0,0,0,0,0,55,20,9,0,1,4,0,0,0,1,0,0,0,0,GD
1223,STRATH,3.00,74.2,50.6,59.42,64.7,77.4,58.6,78.7,53.2,35.8,25.2,0,0,66.22,80.24,30.2,30.1,61.8,0,0,0,0,6,0,0,0,0,0,0,0,0,0,0,0,0,0,0,0,50,43,1,0,0,0,0,0,0,1,0,0,0,0,GD
1224,STRATH,3.00,70.6,52.7,60.14,65.9,71.7,59.6,78.5,47.6,39.1,24.3,0,0,79.36,72.46,32.27,30.6,63,0,0,0,0,16,0,0,0,0,0,0,0,0,0,0,0,0,0,0,0,49,34,1,0,1,1,0,0,0,1,0,0,0,0,GD
1225,STRATH,3.00,76.7,53.3,57.64,63.3,71,59.1,73.7,48.5,37.6,26.3,0,0,66.46,63.72,39.15,32.4,60.5,0,0,0,0,1,0,0,0,0,0,0,0,0,0,0,0,0,0,0,0,97,2,0,0,0,0,0,0,0,0,0,0,0,0,GD
1226,STRATH,3.00,52.6,37,45.8,47.3,57.3,42.7,53.6,35.2,26.3,18.4,0,0,43.69,56.42,26.88,24.9,43.7,0,0,0,0,22,0,0,0,0,0,0,0,0,0,0,0,0,0,0,0,43,32,2,0,1,1,0,0,0,1,0,0,0,1,GD
1227,STRATH,3.00,52,37.9,37.06,44.4,57.4,42.1,53.6,38.9,27.9,16.8,0,0,44.26,57.79,21.56,22.4,48.2,0,0,0,0,1,0,0,0,0,0,0,0,0,0,0,0,0,0,0,0,97,2,0,0,0,0,0,0,0,0,0,0,0,0,GD
1228,STRATH,3.00,52.8,37.4,36.35,44.7,58.9,39.8,57.7,34.4,28,18.2,0,0,58.44,58.11,30.73,21.8,44.9,0,0,0,0,6,0,0,0,0,0,0,0,0,0,0,0,0,0,0,0,78,12,4,0,1,11,0,0,0,1,0,0,0,0,GD
1229,STRATH,3.00,34,21,17.88,33.8,30.9,25.9,37.1,21.1,16.5,13.1,0,0,34.6,38.23,17.03,10.3,24.9,0,0,0,0,17,0,0,0,0,0,0,0,0,0,0,0,0,0,0,0,56,19,7,0,0,0,0,0,0,0,0,0,0,0,GD
1230,STRATH,3.00,36,23,15.22,26.6,36.3,29.1,35.5,21.3,16.6,12.7,0,0,37.85,25.89,19.94,14.4,23.7,0,0,0,0,3,0,0,0,0,0,0,0,0,0,0,0,0,0,0,0,85,7,3,0,1,9,0,0,0,1,0,0,0,0,GD
1231,STRATH,3.00,34.7,21.5,18.22,28.2,36.2,26.8,35.7,21.1,19,12.9,0,0,24.09,26.34,15.88,12,26.1,0,0,0,0,10,0,0,0,0,0,0,0,0,0,0,0,0,0,0,0,41,38,10,0,0,0,0,0,0,0,0,0,0,0,GD
1232,STRATH,3.00,14,11,12.49,14.2,14.7,7.9,13.8,9.7,6.9,3.3,0,0,0.79,9.77,1.73,2.6,5,0,0,0,0,3,0,0,0,0,0,0,0,0,0,0,0,0,0,0,0,84,11,2,0,0,0,0,0,0,0,0,0,0,0,GD
1233,STRATH,3.00,11.1,8.9,3,12.4,16,8.9,14,11.2,7.9,4.1,0,0,7.31,12.82,4.59,2,0.9,0,0,0,0,5,0,0,0,0,0,0,0,0,0,0,0,0,0,0,0,85,10,0,0,0,0,0,0,0,0,0,0,0,0,GD
1234,STRATH,3.00,14.3,13.1,1,14.7,10.6,14.1,12,12.4,6.9,4.6,0,0,1.88,1.42,1.74,2.3,3.2,0,0,0,0,5,0,0,0,0,0,0,0,0,0,0,0,0,0,0,0,57,36,1,0,1,11,0,0,0,1,0,0,0,0,GD
1235,STRATH,4.00,90.9,90.7,84.89,99.1,93.3,94.6,95.3,93.1,97.2,96.9,97.5,0,90,90.21,100.02,82.3,85.9,0,0,0,0,5,0,0,0,0,0,0,0,0,0,0,0,0,0,0,0,85,9,1,0,1,16,0,0,0,1,0,0,0,1,GD
1236,STRATH,4.00,94.3,90.1,85.01,94.2,100,98.5,98.6,99.9,91.8,97.6,94.9,0,100.35,92.02,80.64,85.8,86.1,0,0,0,0,11,0,0,0,0,0,0,0,0,0,0,0,0,0,0,0,48,33,5,0,1,14,0,0,0,1,0,0,0,0,GD
1237,STRATH,4.00,91.4,93.9,90.76,96.7,93.9,97.5,94.6,99.2,96.3,94.8,96.2,0,93.61,90.35,88.76,83.7,82.9,0,0,0,0,19,0,0,0,0,0,0,0,0,0,0,0,0,0,0,0,36,27,17,0,1,5,0,0,0,1,0,0,0,1,GD
1238,STRATH,4.00,71.3,78.6,77.33,74.5,78.1,72.2,73.8,78.5,76.7,78.4,75.1,0,61.73,74.84,68.89,66.9,62.8,0,0,0,0,13,0,0,0,0,0,0,0,0,0,0,0,0,0,0,0,58,24,4,0,1,10,0,0,0,1,0,0,0,0,GD
1239,STRATH,4.00,75.2,75.3,60.44,74.9,77,72.9,74.4,73.4,74.2,75.7,75.9,0,67.37,77.41,68.67,67.4,66,0,0,0,0,1,0,0,0,0,0,0,0,0,0,0,0,0,0,0,0,84,13,1,0,1,8,0,0,0,1,0,0,0,1,GD
1240,STRATH,4.00,80,73.8,61.36,77.4,77.8,79.5,73.4,75.4,76.6,73.9,77,0,67.36,62.52,76.54,61.1,68.5,0,0,0,0,15,0,0,0,0,0,0,0,0,0,0,0,0,0,0,0,39,34,11,0,1,6,0,0,0,1,0,0,0,0,GD
1241,STRATH,4.00,55,50.2,48.18,50.1,51.8,50.9,54.7,59.9,58.5,52.7,52.5,0,52.79,60.2,60.13,45.9,49.3,0,0,0,0,27,0,0,0,0,0,0,0,0,0,0,0,0,0,0,0,34,33,4,0,1,15,0,0,0,1,0,0,0,0,GD
1242,STRATH,4.00,56.9,50.4,58.76,57,53.1,57,51.1,51.8,56.1,53.9,56.9,0,50.83,41.07,57.77,41,41.7,0,0,0,0,4,0,0,0,0,0,0,0,0,0,0,0,0,0,0,0,64,32,0,0,0,0,0,0,0,0,0,0,0,0,GD
1243,STRATH,4.00,54.7,53.1,50.67,53.9,58.5,52.6,59.2,53.5,56,58.2,53.2,0,48.26,41.72,50.88,46.5,47.2,0,0,0,0,5,0,0,0,0,0,0,0,0,0,0,0,0,0,0,0,80,15,0,0,1,7,0,0,0,1,0,0,0,0,GD
1244,STRATH,4.00,36.8,39.8,20.54,31.2,34,36.7,32.1,38.7,31.7,36.7,36.4,0,34.47,23.97,37.93,21.3,21.9,0,0,0,0,19,0,0,0,0,0,0,0,0,0,0,0,0,0,0,0,52,26,2,0,1,2,0,0,0,1,0,0,0,1,GD
1245,STRATH,4.00,34.8,34.1,32.2,38.6,35.6,39.2,31.2,34,33.4,38.4,38.1,0,39.51,26.03,34.85,22.4,25.3,0,0,0,0,9,0,0,0,0,0,0,0,0,0,0,0,0,0,0,0,62,25,3,0,1,8,0,0,0,1,0,0,0,0,GD
1246,STRATH,4.00,34.1,33.3,33.55,35.3,33.2,31.6,36,35.5,36.4,37,32.6,0,34.06,33.62,24.08,24.3,21.5,0,0,0,0,0,0,0,0,0,0,0,0,0,0,0,0,0,0,0,0,67,33,0,0,0,0,0,0,0,0,0,0,0,0,GD
1247,STRATH,4.00,18.2,15.4,18.27,11.8,19.5,14.4,13.3,16.2,15.9,12.1,15,0,7.32,15.75,12.95,8.9,0.5,0,0,0,0,0,0,0,0,0,0,0,0,0,0,0,0,0,0,0,0,98,2,0,0,1,14,0,0,0,1,0,0,0,0,GD
1248,STRATH,4.00,13.9,13.3,7.23,17.5,11.6,11.1,14.9,11,19.8,11.8,12.7,0,6.59,6.13,18.16,1.5,5.3,0,0,0,0,3,0,0,0,0,0,0,0,0,0,0,0,0,0,0,0,86,8,3,0,1,14,0,0,0,1,0,0,0,1,GD
1249,STRATH,4.00,15.7,19.3,10.55,16.6,18.5,15.5,10.7,11.9,12.9,11.2,19.6,0,17.62,13.81,18.76,1.8,5.6,0,0,0,0,3,0,0,0,0,0,0,0,0,0,0,0,0,0,0,0,90,5,2,0,0,0,0,0,0,0,0,0,0,0,GD
1250,STRATH,1.00,54.9,0,40.92,13.1,26.7,22.6,0,30.2,0,0,0,0,0,0,49.48,0,0,0,0,0,0,0,0,79,1,0,0,0,0,0,0,0,0,0,0,0,0,0,0,0,20,0,0,0,0,0,0,0,0,0,0,HO
1251,STRATH,1.00,58.5,0,45.54,14.2,27,23,0,32.3,0,0,0,0,0,0,44.99,0,0,0,0,0,0,0,0,86,1,0,0,0,0,0,0,0,0,0,0,0,0,0,0,0,13,0,0,0,0,0,0,0,0,0,0,HO
1252,STRATH,1.00,53.6,0,43.5,13.1,28.6,22.5,0,30.3,0,0,0,0,0,0,50.91,0,0,0,0,0,0,0,0,96,2,0,0,0,0,0,0,0,0,0,0,0,0,0,0,0,2,0,0,0,0,0,0,0,0,0,0,HO
1253,STRATH,1.00,41.9,0,34.28,10.7,20.4,18.7,0,23.4,0,0,0,0,0,0,37.01,0,0,0,0,0,0,0,0,69,1,0,0,0,0,0,0,0,0,0,0,0,0,0,0,0,30,0,0,0,0,0,0,0,0,0,0,HO
1254,STRATH,1.00,43,0,37.73,11.1,20.9,19.8,0,23.6,0,0,0,0,0,0,31.57,0,0,0,0,0,0,0,0,77,5,5,0,0,0,0,0,0,0,0,0,0,0,0,0,0,8,0,0,0,0,0,0,0,0,0,0,HO
1255,STRATH,1.00,44.9,0,33.44,10.8,21.8,20,0,25.4,0,0,0,0,0,0,32.86,0,0,0,0,0,0,0,0,62,4,2,0,0,0,0,0,0,0,0,0,0,0,0,0,0,32,0,0,0,0,0,0,0,0,0,0,HO
1256,STRATH,1.00,32.5,0,21.2,8.1,16.6,13,0,19,0,0,0,0,0,0,29.44,0,0,0,0,0,0,0,0,69,5,4,0,0,0,0,0,0,0,0,0,0,0,0,0,0,19,0,0,0,0,0,0,0,0,0,0,HO
1257,STRATH,1.00,32.1,0,27.36,7.7,15.9,13.1,0,19.6,0,0,0,0,0,0,27.28,0,0,0,0,0,0,0,0,53,2,1,0,0,0,0,0,0,0,0,0,0,0,0,0,0,44,0,0,0,0,0,0,0,0,0,0,HO
1258,STRATH,1.00,32.6,0,28.87,7.9,14.4,13.5,0,16.8,0,0,0,0,0,0,30.87,0,0,0,0,0,0,0,0,44,20,5,0,0,0,0,0,0,0,0,0,0,0,0,0,0,29,0,0,0,0,0,0,0,0,0,0,HO
1259,STRATH,1.00,16.6,0,12.08,5.4,11.4,9.5,0,10.2,0,0,0,0,0,0,15.45,0,0,0,0,0,0,0,0,92,2,1,0,0,0,0,0,0,0,0,0,0,0,0,0,0,4,0,0,0,0,0,0,0,0,0,0,HO
1260,STRATH,1.00,13.8,0,13.94,5.4,10.8,7.6,0,10.8,0,0,0,0,0,0,18.76,0,0,0,0,0,0,0,0,59,2,1,0,0,0,0,0,0,0,0,0,0,0,0,0,0,38,0,0,0,0,0,0,0,0,0,0,HO
1261,STRATH,1.00,16.5,0,20.85,4.9,9,7.8,0,10.5,0,0,0,0,0,0,14.32,0,0,0,0,0,0,0,0,87,2,1,0,0,0,0,0,0,0,0,0,0,0,0,0,0,10,0,0,0,0,0,0,0,0,0,0,HO
1262,STRATH,1.00,2.8,0,2.14,2.2,4.3,3.8,0,5.5,0,0,0,0,0,0,1.3,0,0,0,0,0,0,0,0,46,5,3,0,0,0,0,0,0,0,0,0,0,0,0,0,0,44,0,0,0,0,0,0,0,0,0,0,HO
1263,STRATH,1.00,5.1,0,6.33,2.3,3.2,5,0,4.7,0,0,0,0,0,0,10.38,0,0,0,0,0,0,0,0,48,15,6,0,0,0,0,0,0,0,0,0,0,0,0,0,0,29,0,0,0,0,0,0,0,0,0,0,HO
1264,STRATH,1.00,2.9,0,0.78,2.7,4,2.6,0,6.6,0,0,0,0,0,0,9.95,0,0,0,0,0,0,0,0,83,5,4,0,0,0,0,0,0,0,0,0,0,0,0,0,0,5,0,0,0,0,0,0,0,0,0,0,HO
1265,STRATH,2.00,87.2,29,75.53,55.1,82.3,18.8,45.9,62.5,0,0,0,0,0,0,49.64,0,0,0,0,0,0,0,0,34,22,12,0,0,0,0,0,0,0,0,0,0,0,0,0,0,30,1,5,0,0,0,0,0,0,0,0,HO
1266,STRATH,2.00,87.3,29.8,66.16,56.9,80.9,18,49.9,63.6,0,0,0,0,0,0,43.45,0,0,0,0,0,0,0,0,34,17,10,0,0,0,0,0,0,0,0,0,0,0,0,0,0,33,1,3,0,0,0,0,0,0,0,0,HO
1267,STRATH,2.00,88,26.8,69.46,51.7,77.6,19.4,48.2,66.7,0,0,0,0,0,0,44.83,0,0,0,0,0,0,0,0,84,4,3,0,0,0,0,0,0,0,0,0,0,0,0,0,0,9,1,2,0,0,0,0,0,0,0,0,HO
1268,STRATH,2.00,66.4,22.6,53.14,42.2,67.4,14.1,38.9,47.4,0,0,0,0,0,0,39.38,0,0,0,0,0,0,0,0,71,10,2,0,0,0,0,0,0,0,0,0,0,0,0,0,0,16,0,0,0,0,0,0,0,0,0,0,HO
1269,STRATH,2.00,66.9,20.4,60.45,42.7,65.8,15.9,36.2,50.3,0,0,0,0,0,0,40.91,0,0,0,0,0,0,0,0,69,11,0,0,0,0,0,0,0,0,0,0,0,0,0,0,0,20,0,0,0,0,0,0,0,0,0,0,HO
1270,STRATH,2.00,61.4,21.8,58.9,41.1,68,14.8,35.5,50.7,0,0,0,0,0,0,37.22,0,0,0,0,0,0,0,0,67,15,1,0,0,0,0,0,0,0,0,0,0,0,0,0,0,17,0,0,0,0,0,0,0,0,0,0,HO
1271,STRATH,2.00,45.1,13.7,35.4,31.6,43.9,11.3,26.4,35.4,0,0,0,0,0,0,30.36,0,0,0,0,0,0,0,0,97,0,0,0,0,0,0,0,0,0,0,0,0,0,0,0,0,3,0,0,0,0,0,0,0,0,0,0,HO
1272,STRATH,2.00,47,16.4,45.21,31,43.1,10,29.6,36,0,0,0,0,0,0,28.12,0,0,0,0,0,0,0,0,55,1,0,0,0,0,0,0,0,0,0,0,0,0,0,0,0,44,0,0,0,0,0,0,0,0,0,0,HO
1273,STRATH,2.00,46,15.8,42.55,30.5,47,10.4,26.8,35.4,0,0,0,0,0,0,28.69,0,0,0,0,0,0,0,0,95,1,1,0,0,0,0,0,0,0,0,0,0,0,0,0,0,3,0,0,0,0,0,0,0,0,0,0,HO
1274,STRATH,2.00,22.4,9.8,28.25,21.1,26.8,6.7,15.4,21.1,0,0,0,0,0,0,10.15,0,0,0,0,0,0,0,0,61,12,3,0,0,0,0,0,0,0,0,0,0,0,0,0,0,22,0,0,0,0,0,0,0,0,0,0,HO
1275,STRATH,2.00,26.7,7.3,28.45,22.1,30.1,7.2,18.6,20.5,0,0,0,0,0,0,15.11,0,0,0,0,0,0,0,0,69,6,4,0,0,0,0,0,0,0,0,0,0,0,0,0,0,21,0,0,0,0,0,0,0,0,0,0,HO
1276,STRATH,2.00,25.8,7.9,15.68,22.1,32,6.5,17.5,21.2,0,0,0,0,0,0,11.44,0,0,0,0,0,0,0,0,40,25,4,0,0,0,0,0,0,0,0,0,0,0,0,0,0,28,1,6,0,0,0,0,0,0,0,0,HO
1277,STRATH,2.00,9,0.4,8.95,11.1,12.3,3.5,9.6,9.2,0,0,0,0,0,0,10.74,0,0,0,0,0,0,0,0,61,13,0,0,0,0,0,0,0,0,0,0,0,0,0,0,0,26,0,0,0,0,0,0,0,0,0,0,HO
1278,STRATH,2.00,4.1,2.9,2.07,8.3,11.9,3,9.4,12.3,0,0,0,0,0,0,3.58,0,0,0,0,0,0,0,0,46,17,7,0,0,0,0,0,0,0,0,0,0,0,0,0,0,30,0,0,0,0,0,0,0,0,0,0,HO
1279,STRATH,2.00,0.7,0.9,13.03,7.9,9.2,3.6,5.1,13.2,0,0,0,0,0,0,2.73,0,0,0,0,0,0,0,0,84,1,0,0,0,0,0,0,0,0,0,0,0,0,0,0,0,15,0,0,0,0,0,0,0,0,0,0,HO
1280,STRATH,3.00,87.8,58.9,74.29,81.2,96.8,72.7,99.4,60.2,46.1,31.5,0,0,93.88,83.23,50.2,47.3,93.4,0,0,0,0,0,0,93,1,1,0,0,0,0,0,0,0,0,0,0,0,0,0,0,4,0,0,0,0,0,0,0,0,0,0,HO
1281,STRATH,3.00,83.2,56.7,60.5,79.3,95.9,73.6,91.8,65.6,47.1,32,0,0,85.15,98.37,49.49,47.4,93.5,0,0,0,0,0,0,99,0,0,0,0,0,0,0,0,0,0,0,0,0,0,0,0,1,1,6,0,0,0,0,1,0,0,0,HO
1282,STRATH,3.00,80.5,55,67.99,80.2,95.9,72.2,94.3,66.7,45.7,30.5,0,0,96.05,94.19,50.13,46.6,98.1,0,0,0,0,0,0,74,3,3,0,0,0,0,0,0,0,0,0,0,0,0,0,0,19,1,4,0,0,0,0,0,0,0,0,HO
1283,STRATH,3.00,68,43.3,59.42,61.9,79,56.7,75.2,51,36.9,25.9,0,0,66.22,80.24,30.2,35.7,78.3,0,0,0,0,0,0,45,10,4,0,0,0,0,0,0,0,0,0,0,0,0,0,0,41,0,0,0,0,0,0,0,0,0,0,HO
1284,STRATH,3.00,60.7,44.7,60.14,68.2,72.9,53.4,75.6,49.6,39.9,26.3,0,0,79.36,72.46,32.27,39.5,75.7,0,0,0,0,0,0,68,10,5,0,0,0,0,0,0,0,0,0,0,0,0,0,0,16,1,1,0,0,0,0,0,0,0,0,HO
1285,STRATH,3.00,62.6,42,57.64,62.4,73.2,55.2,73.6,47,36.5,24.5,0,0,66.46,63.72,39.15,36.4,76.1,0,0,0,0,0,0,56,12,9,0,0,0,0,0,0,0,0,0,0,0,0,0,0,14,0,0,0,0,0,0,0,0,0,0,HO
1286,STRATH,3.00,49.6,33.2,45.8,44.4,55.5,38.1,58.2,38,28.7,18,0,0,43.69,56.42,26.88,27.4,56.2,0,0,0,0,0,0,89,5,0,0,0,0,0,0,0,0,0,0,0,0,0,0,0,6,1,1,0,0,0,0,1,0,0,0,HO
1287,STRATH,3.00,43,29.6,37.06,45.3,54.8,43.3,50.5,38.9,25.9,18.3,0,0,44.26,57.79,21.56,29.1,56.3,0,0,0,0,0,0,38,18,13,0,0,0,0,0,0,0,0,0,0,0,0,0,0,28,0,0,0,0,0,0,0,0,0,0,HO
1288,STRATH,3.00,44.7,27.1,36.35,43,54.9,37.5,55.4,36.3,28.5,17.7,0,0,58.44,58.11,30.73,25.3,50.8,0,0,0,0,0,0,82,3,1,0,0,0,0,0,0,0,0,0,0,0,0,0,0,14,1,11,0,0,0,0,0,0,0,0,HO
1289,STRATH,3.00,22,17,17.88,33.2,39.8,27.2,38.4,21.2,18.7,10.6,0,0,34.6,38.23,17.03,17.7,38.5,0,0,0,0,0,0,85,3,3,0,0,0,0,0,0,0,0,0,0,0,0,0,0,8,0,0,0,0,0,0,0,0,0,0,HO
1290,STRATH,3.00,26.3,18.9,15.22,26.7,37.8,25,30.6,21,19.3,10.6,0,0,37.85,25.89,19.94,15.4,34.5,0,0,0,0,0,0,50,3,3,0,0,0,0,0,0,0,0,0,0,0,0,0,0,44,1,9,0,0,0,0,0,0,0,0,HO
1291,STRATH,3.00,24.1,15.7,18.22,26.2,34.6,29.4,38.3,25.8,19.7,11.1,0,0,24.09,26.34,15.88,19.6,34.7,0,0,0,0,0,0,78,0,0,0,0,0,0,0,0,0,0,0,0,0,0,0,0,22,0,0,0,0,0,0,0,0,0,0,HO
1292,STRATH,3.00,6.5,4.5,12.49,11.9,19.9,13,12.5,12.9,5.8,6.5,0,0,0.79,9.77,1.73,8.4,19.6,0,0,0,0,0,0,45,18,11,0,0,0,0,0,0,0,0,0,0,0,0,0,0,19,0,0,0,0,0,0,0,0,0,0,HO
1293,STRATH,3.00,6.3,3.8,3,9.4,13.6,8.4,13.7,13.2,5.8,3.4,0,0,7.31,12.82,4.59,9,15.4,0,0,0,0,0,0,51,3,3,0,0,0,0,0,0,0,0,0,0,0,0,0,0,42,0,0,0,0,0,0,0,0,0,0,HO
1294,STRATH,3.00,7,4.1,1,12,16.5,10.2,18.4,8.1,7.6,5,0,0,1.88,1.42,1.74,6.5,13.5,0,0,0,0,0,0,62,12,3,0,0,0,0,0,0,0,0,0,0,0,0,0,0,20,1,11,0,0,0,0,0,0,0,0,HO
1295,STRATH,4.00,89.9,87.4,84.89,99.1,95.8,97.9,100,92.9,98.7,99,96.5,0,90,90.21,100.02,90.9,91.4,0,0,0,0,0,0,54,5,4,0,0,0,0,0,0,0,0,0,0,0,0,0,0,34,1,16,0,0,0,0,1,0,0,0,HO
1296,STRATH,4.00,84.3,83.4,85.01,94.4,95.1,91.6,98.3,97.3,97.6,93.7,92.7,0,100.35,92.02,80.64,94.2,91.7,0,0,0,0,0,0,86,0,0,0,0,0,0,0,0,0,0,0,0,0,0,0,0,14,1,14,0,0,0,0,0,0,0,0,HO
1297,STRATH,4.00,80.3,86.3,90.76,97.9,96.8,95.6,93.6,96.8,93.5,90.1,90.5,0,93.61,90.35,88.76,97.5,95.4,0,0,0,0,0,0,54,2,0,0,0,0,0,0,0,0,0,0,0,0,0,0,0,44,1,5,0,0,0,0,1,0,0,0,HO
1298,STRATH,4.00,69.8,65.6,77.33,75.4,76.8,79.6,78.9,76.8,76,79.4,74.1,0,61.73,74.84,68.89,71.6,76.1,0,0,0,0,0,0,54,14,7,0,0,0,0,0,0,0,0,0,0,0,0,0,0,25,1,10,0,0,0,0,0,0,0,0,HO
1299,STRATH,4.00,66.4,66.2,60.44,73.3,74.3,72.1,74.8,70.8,76.2,78.6,74.3,0,67.37,77.41,68.67,77.2,77.1,0,0,0,0,0,0,49,11,7,0,0,0,0,0,0,0,0,0,0,0,0,0,0,28,1,8,0,0,0,0,1,0,0,0,HO
1300,STRATH,4.00,68.2,64.7,61.36,71.8,76.9,71.2,73.1,77.4,74.7,78.3,71.4,0,67.36,62.52,76.54,72.2,75.3,0,0,0,0,0,0,58,7,7,0,0,0,0,0,0,0,0,0,0,0,0,0,0,25,1,6,0,0,0,0,0,0,0,0,HO
1301,STRATH,4.00,41.1,41.9,48.18,58.5,55.6,53.5,52.1,59,52.9,55.9,55.3,0,52.79,60.2,60.13,54.5,53.3,0,0,0,0,0,0,100,0,0,0,0,0,0,0,0,0,0,0,0,0,0,0,0,0,1,15,0,0,0,0,0,0,0,0,HO
1302,STRATH,4.00,43.3,44.6,58.76,59,58.6,52.5,59.7,54.8,56.1,59.8,58.7,0,50.83,41.07,57.77,54.8,52.8,0,0,0,0,0,0,72,6,1,0,0,0,0,0,0,0,0,0,0,0,0,0,0,20,0,0,0,0,0,0,0,0,0,0,HO
1303,STRATH,4.00,40.7,41.9,50.67,59.1,52,50.8,56.4,54.3,58.3,55.7,57.1,0,48.26,41.72,50.88,53.8,50.3,0,0,0,0,0,0,69,10,9,0,0,0,0,0,0,0,0,0,0,0,0,0,0,11,1,7,0,0,0,0,0,0,0,0,HO
1304,STRATH,4.00,23.4,20.9,20.54,30.6,34.3,39.4,39.6,31.5,39.8,33.1,38.9,0,34.47,23.97,37.93,32.6,39,0,0,0,0,0,0,45,11,11,0,0,0,0,0,0,0,0,0,0,0,0,0,0,28,1,2,0,0,0,0,1,0,0,0,HO
1305,STRATH,4.00,25.1,29.9,32.2,36.3,33.2,36.8,39.7,32.5,33.3,36.6,31.7,0,39.51,26.03,34.85,30.8,35.9,0,0,0,0,0,0,61,11,4,0,0,0,0,0,0,0,0,0,0,0,0,0,0,21,1,8,0,0,0,0,0,0,0,0,HO
1306,STRATH,4.00,23.3,23.5,33.55,32.8,32.7,38.9,32.1,38.5,36.3,35.4,32.1,0,34.06,33.62,24.08,32.2,33.3,0,0,0,0,0,0,70,1,1,0,0,0,0,0,0,0,0,0,0,0,0,0,0,28,0,0,0,0,0,0,0,0,0,0,HO
1307,STRATH,4.00,5.7,9.9,18.27,14.5,10.6,11.5,10.3,17.7,13.5,15.6,17.7,0,7.32,15.75,12.95,10.5,14.3,0,0,0,0,0,0,67,1,0,0,0,0,0,0,0,0,0,0,0,0,0,0,0,32,1,14,0,0,0,0,0,0,0,0,HO
1308,STRATH,4.00,1.7,9.9,7.23,12.1,16.5,13.5,16.4,11,13.8,17,18.7,0,6.59,6.13,18.16,12.7,15.6,0,0,0,0,0,0,46,18,4,0,0,0,0,0,0,0,0,0,0,0,0,0,0,31,1,14,0,0,0,0,1,0,0,0,HO
1309,STRATH,4.00,1,7.2,10.55,12.8,19.1,17.3,18,12.2,11.9,18.9,19.3,0,17.62,13.81,18.76,18,16.2,0,0,0,0,0,0,55,12,8,0,0,0,0,0,0,0,0,0,0,0,0,0,0,25,0,0,0,0,0,0,0,0,0,0,HO
1310,STRATH,1.00,65.3,0,40.92,13.5,25.8,24.8,0,32.8,0,0,0,0,0,0,49.48,0,0,0,0,0,44.5,0,89,0,0,0,9,0,0,0,0,0,1,0,0,0,0,1,0,0,0,0,0,0,0,0,0,0,0,0,0,IS
1311,STRATH,1.00,64.4,0,45.54,13.1,27.9,23.9,0,31.4,0,0,0,0,0,0,44.99,0,0,0,0,0,16.5,0,66,0,0,0,25,0,0,0,0,0,5,0,0,0,0,2,0,0,0,0,0,0,0,0,0,0,0,0,0,IS
1312,STRATH,1.00,66.7,0,43.5,13.7,25.8,23.9,0,32.1,0,0,0,0,0,0,50.91,0,0,0,0,0,27,0,61,0,0,0,14,0,0,0,0,0,14,0,0,0,0,7,0,0,0,0,0,0,0,0,0,0,0,0,0,IS
1313,STRATH,1.00,52.5,0,34.28,10.4,22.1,19.7,0,23.6,0,0,0,0,0,0,37.01,0,0,0,0,0,2.7,0,76,0,0,0,21,0,0,0,0,0,2,0,0,0,0,1,0,0,0,0,0,0,0,0,0,0,0,0,0,IS
1314,STRATH,1.00,47.2,0,37.73,11,20.8,19,0,25.5,0,0,0,0,0,0,31.57,0,0,0,0,0,3.2,0,37,0,0,0,30,0,0,0,0,0,15,0,0,0,0,10,0,0,0,0,0,0,0,0,0,0,0,0,0,IS
1315,STRATH,1.00,49.8,0,33.44,11.3,22,18.7,0,25.3,0,0,0,0,0,0,32.86,0,0,0,0,0,1.5,0,30,0,0,0,29,0,0,0,0,0,23,0,0,0,0,13,0,0,0,0,0,0,0,0,0,0,0,0,0,IS
1316,STRATH,1.00,37.3,0,21.2,7.6,15.2,13.7,0,18.6,0,0,0,0,0,0,29.44,0,0,0,0,0,30.3,0,47,0,0,0,41,0,0,0,0,0,9,0,0,0,0,3,0,0,0,0,0,0,0,0,0,0,0,0,0,IS
1317,STRATH,1.00,36.4,0,27.36,8.3,14.9,14.6,0,18.9,0,0,0,0,0,0,27.28,0,0,0,0,0,80.9,0,91,0,0,0,3,0,0,0,0,0,3,0,0,0,0,2,0,0,0,0,0,0,0,0,0,0,0,0,0,IS
1318,STRATH,1.00,35.8,0,28.87,7.4,15.1,13.5,0,17.8,0,0,0,0,0,0,30.87,0,0,0,0,0,51.4,0,81,0,0,0,10,0,0,0,0,0,5,0,0,0,0,2,0,0,0,0,0,0,0,0,0,0,0,0,0,IS
1319,STRATH,1.00,24.3,0,12.08,5.2,9.9,9.5,0,10.1,0,0,0,0,0,0,15.45,0,0,0,0,0,15.4,0,37,0,0,0,26,0,0,0,0,0,26,0,0,0,0,10,0,0,0,0,0,0,0,0,0,0,0,0,0,IS
1320,STRATH,1.00,20.6,0,13.94,4.6,9.6,9.9,0,10.4,0,0,0,0,0,0,18.76,0,0,0,0,0,26.2,0,100,0,0,0,0,0,0,0,0,0,0,0,0,0,0,0,0,0,0,0,0,0,0,0,0,0,0,0,0,IS
1321,STRATH,1.00,21.9,0,20.85,5.5,10.3,9.2,0,11.1,0,0,0,0,0,0,14.32,0,0,0,0,0,20.3,0,89,0,0,0,8,0,0,0,0,0,3,0,0,0,0,0,0,0,0,0,0,0,0,0,0,0,0,0,0,IS
1322,STRATH,1.00,9.3,0,2.14,1.9,3.5,4.4,0,4.8,0,0,0,0,0,0,1.3,0,0,0,0,0,41.1,0,51,0,0,0,45,0,0,0,0,0,3,0,0,0,0,1,0,0,0,0,0,0,0,0,0,0,0,0,0,IS
1323,STRATH,1.00,8.6,0,6.33,2.5,3.5,3.1,0,5.6,0,0,0,0,0,0,10.38,0,0,0,0,0,25,0,42,0,0,0,27,0,0,0,0,0,22,0,0,0,0,6,0,0,0,0,0,0,0,0,0,0,0,0,0,IS
1324,STRATH,1.00,8.2,0,0.78,2.8,4.7,3.7,0,6.6,0,0,0,0,0,0,9.95,0,0,0,0,0,44.5,0,60,0,0,0,24,0,0,0,0,0,7,0,0,0,0,5,0,0,0,0,0,0,0,0,0,0,0,0,0,IS
1325,STRATH,2.00,94.7,32.8,75.53,56.2,80.4,20,42.8,62.7,0,0,0,0,0,0,49.64,0,0,0,0,0,49,0,42,0,0,0,23,0,0,0,0,0,19,0,0,0,0,13,0,0,0,1,5,0,0,0,0,0,1,0,0,IS
1326,STRATH,2.00,99.8,32.5,66.16,56.6,84.9,18.2,42.6,62.9,0,0,0,0,0,0,43.45,0,0,0,0,0,33.4,0,55,0,0,0,30,0,0,0,0,0,10,0,0,0,0,4,0,0,0,1,3,0,0,0,0,0,1,0,0,IS
1327,STRATH,2.00,95.3,32.4,69.46,56.6,80,19.1,43.1,61.1,0,0,0,0,0,0,44.83,0,0,0,0,0,19.4,0,67,0,0,0,22,0,0,0,0,0,8,0,0,0,0,3,0,0,0,1,2,0,0,0,0,0,1,0,0,IS
1328,STRATH,2.00,74.2,25.2,53.14,43.7,67,15.7,31.6,50.2,0,0,0,0,0,0,39.38,0,0,0,0,0,17.2,0,58,0,0,0,16,0,0,0,0,0,13,0,0,0,0,10,0,0,0,0,0,0,0,0,0,0,0,0,0,IS
1329,STRATH,2.00,72.4,23.8,60.45,41.4,62.3,14.7,33.3,50.6,0,0,0,0,0,0,40.91,0,0,0,0,0,9.8,0,61,0,0,0,31,0,0,0,0,0,4,0,0,0,0,4,0,0,0,0,0,0,0,0,0,0,0,0,0,IS
1330,STRATH,2.00,74.4,23.5,58.9,44.4,60.7,15.9,33.4,50.3,0,0,0,0,0,0,37.22,0,0,0,0,0,12.2,0,51,0,0,0,32,0,0,0,0,0,10,0,0,0,0,4,0,0,0,0,0,0,0,0,0,0,0,0,0,IS
1331,STRATH,2.00,57.8,19.6,35.4,32.5,45.3,11.4,24.9,37.5,0,0,0,0,0,0,30.36,0,0,0,0,0,20.4,0,66,0,0,0,17,0,0,0,0,0,11,0,0,0,0,3,0,0,0,0,0,0,0,0,0,0,0,0,0,IS
1332,STRATH,2.00,57.1,17.3,45.21,31.7,45.7,10.9,24.9,34,0,0,0,0,0,0,28.12,0,0,0,0,0,2.8,0,99,0,0,0,1,0,0,0,0,0,0,0,0,0,0,0,0,0,0,0,0,0,0,0,0,0,0,0,0,IS
1333,STRATH,2.00,59.1,17.2,42.55,32.8,49.9,10.4,23.6,34.9,0,0,0,0,0,0,28.69,0,0,0,0,0,42.3,0,56,0,0,0,17,0,0,0,0,0,11,0,0,0,0,9,0,0,0,0,0,0,0,0,0,0,0,0,0,IS
1334,STRATH,2.00,31.6,11.3,28.25,21.4,30.5,6.8,13.8,22.4,0,0,0,0,0,0,10.15,0,0,0,0,0,52.2,0,70,0,0,0,23,0,0,0,0,0,4,0,0,0,0,2,0,0,0,0,0,0,0,0,0,0,0,0,0,IS
1335,STRATH,2.00,32.8,12.8,28.45,17.9,33.6,6.9,15,24.4,0,0,0,0,0,0,15.11,0,0,0,0,0,19.8,0,73,0,0,0,21,0,0,0,0,0,5,0,0,0,0,1,0,0,0,0,0,0,0,0,0,0,0,0,0,IS
1336,STRATH,2.00,32.6,10.4,15.68,19.5,33.9,6.7,12.8,24.8,0,0,0,0,0,0,11.44,0,0,0,0,0,46.8,0,80,0,0,0,13,0,0,0,0,0,3,0,0,0,0,2,0,0,0,1,6,0,0,0,0,0,1,0,0,IS
1337,STRATH,2.00,14.1,6.3,8.95,8.4,13.8,3.1,0.6,7.7,0,0,0,0,0,0,10.74,0,0,0,0,0,40.1,0,82,0,0,0,9,0,0,0,0,0,8,0,0,0,0,1,0,0,0,0,0,0,0,0,0,0,0,0,0,IS
1338,STRATH,2.00,11.7,4.1,2.07,10.1,9.5,2.8,1.4,7.9,0,0,0,0,0,0,3.58,0,0,0,0,0,43.2,0,66,0,0,0,19,0,0,0,0,0,10,0,0,0,0,5,0,0,0,0,0,0,0,0,0,0,0,0,0,IS
1339,STRATH,2.00,17.5,4.2,13.03,9.7,10,2.4,0.3,12.5,0,0,0,0,0,0,2.73,0,0,0,0,0,8.4,0,99,0,0,0,1,0,0,0,0,0,0,0,0,0,0,0,0,0,0,0,0,0,0,0,0,0,0,0,0,IS
1340,STRATH,3.00,95.1,64,74.29,81.8,91.3,70.5,81.8,63,47.5,30.9,0,0,93.88,83.23,50.2,48.7,92.8,0,0,0,75.6,0,76,0,0,0,15,0,0,0,0,0,6,0,0,0,0,3,0,0,0,0,0,0,0,0,0,0,0,0,0,IS
1341,STRATH,3.00,95,61.4,60.5,84,97,69.4,82.4,62.2,45.6,31.4,0,0,85.15,98.37,49.49,50,93.1,0,0,0,93.5,0,46,0,0,0,30,0,0,0,0,0,12,0,0,0,0,8,0,0,0,1,6,0,0,0,0,0,1,0,1,IS
1342,STRATH,3.00,93.7,65.6,67.99,79.4,91,73.1,89.4,64.2,47.4,33.2,0,0,96.05,94.19,50.13,49.3,98.2,0,0,0,42.1,0,48,0,0,0,35,0,0,0,0,0,16,0,0,0,0,1,0,0,0,1,4,0,0,0,0,0,1,0,0,IS
1343,STRATH,3.00,79.3,48.6,59.42,64.3,72.8,56.9,61.3,48.5,38.5,24.6,0,0,66.22,80.24,30.2,38.6,70.8,0,0,0,64.2,0,46,0,0,0,37,0,0,0,0,0,13,0,0,0,0,4,0,0,0,0,0,0,0,0,0,0,0,0,0,IS
1344,STRATH,3.00,75.8,52.8,60.14,63.9,74.2,53.5,66.6,48.6,38.6,25.6,0,0,79.36,72.46,32.27,37.2,75.1,0,0,0,25.4,0,62,0,0,0,37,0,0,0,0,0,1,0,0,0,0,0,0,0,0,1,1,0,0,0,0,0,1,0,0,IS
1345,STRATH,3.00,74.8,51.2,57.64,65,72,54.3,62.4,48,36.8,25.3,0,0,66.46,63.72,39.15,36.4,73.2,0,0,0,15.3,0,84,0,0,0,10,0,0,0,0,0,4,0,0,0,0,1,0,0,0,0,0,0,0,0,0,0,0,0,0,IS
1346,STRATH,3.00,58.5,37.7,45.8,43.7,53.1,38,44.7,33.4,25.2,19.3,0,0,43.69,56.42,26.88,27.5,52,0,0,0,9.2,0,66,0,0,0,32,0,0,0,0,0,2,0,0,0,0,0,0,0,0,1,1,0,0,0,0,0,1,0,1,IS
1347,STRATH,3.00,53.9,35.8,37.06,47.7,56.9,41.2,40.7,36.6,26.9,19.9,0,0,44.26,57.79,21.56,29.2,50.8,0,0,0,73.1,0,41,0,0,0,28,0,0,0,0,0,19,0,0,0,0,7,0,0,0,0,0,0,0,0,0,0,0,0,0,IS
1348,STRATH,3.00,56.2,37.6,36.35,43.1,59.9,38.9,40.9,38.5,26,16.9,0,0,58.44,58.11,30.73,28.3,57.2,0,0,0,46.1,0,49,0,0,0,22,0,0,0,0,0,13,0,0,0,0,9,0,0,0,1,11,0,0,0,0,0,1,0,0,IS
1349,STRATH,3.00,39,26.5,17.88,30.7,33,26.1,21.6,25.2,16.6,11.5,0,0,34.6,38.23,17.03,17.8,34.1,0,0,0,5.1,0,77,0,0,0,22,0,0,0,0,0,1,0,0,0,0,0,0,0,0,0,0,0,0,0,0,0,0,0,0,IS
1350,STRATH,3.00,32.1,22.1,15.22,26.4,38.1,25.8,25.1,23.6,18.7,12.1,0,0,37.85,25.89,19.94,19.8,39.9,0,0,0,87.2,0,94,0,0,0,5,0,0,0,0,0,1,0,0,0,0,0,0,0,0,1,9,0,0,0,0,0,1,0,0,IS
1351,STRATH,3.00,38.9,24.4,18.22,30.3,36.7,23.4,20.5,26.5,17.8,12.9,0,0,24.09,26.34,15.88,18.6,33,0,0,0,23,0,91,0,0,0,5,0,0,0,0,0,2,0,0,0,0,2,0,0,0,0,0,0,0,0,0,0,0,0,0,IS
1352,STRATH,3.00,11.8,9.3,12.49,12.8,12.9,11.3,8.9,10.4,9.4,4.8,0,0,0.79,9.77,1.73,8.9,19.3,0,0,0,11.2,0,31,0,0,0,27,0,0,0,0,0,25,0,0,0,0,17,0,0,0,0,0,0,0,0,0,0,0,0,0,IS
1353,STRATH,3.00,16.5,7,3,13.8,11.2,7.9,7.4,13.2,7.4,4.5,0,0,7.31,12.82,4.59,8.2,10.6,0,0,0,76.9,0,40,0,0,0,31,0,0,0,0,0,28,0,0,0,0,1,0,0,0,0,0,0,0,0,0,0,0,0,0,IS
1354,STRATH,3.00,14,12.3,1,16.5,17.3,9.5,0.6,7.2,8.6,4.8,0,0,1.88,1.42,1.74,6.7,16.9,0,0,0,65.7,0,44,0,0,0,24,0,0,0,0,0,17,0,0,0,0,14,0,0,0,1,11,0,0,0,0,0,1,0,0,IS
1355,STRATH,4.00,97.1,98.2,84.89,96.5,99.3,96.6,81.5,94.4,97.9,96.1,85.1,0,90,90.21,100.02,96.8,92.4,0,0,0,18.9,0,70,0,0,0,12,0,0,0,0,0,7,0,0,0,0,7,0,0,0,1,16,0,0,0,0,0,1,0,1,IS
1356,STRATH,4.00,97.1,98.7,85.01,95.2,98.4,90.3,83.8,98.3,90.6,91.5,85.4,0,100.35,92.02,80.64,98.6,98.5,0,0,0,66.4,0,83,0,0,0,7,0,0,0,0,0,7,0,0,0,0,2,0,0,0,1,14,0,0,0,0,0,1,0,0,IS
1357,STRATH,4.00,99.2,91.6,90.76,96.6,92.4,92.2,85.6,98.6,96.9,96,81.9,0,93.61,90.35,88.76,93.1,96.3,0,0,0,9.2,0,39,0,0,0,30,0,0,0,0,0,17,0,0,0,0,11,0,0,0,1,5,0,0,0,0,0,1,0,1,IS
1358,STRATH,4.00,74,78.9,77.33,71.3,79,79.4,65.8,70.7,72.2,74.6,64.2,0,61.73,74.84,68.89,77.2,72.9,0,0,0,59.9,0,43,0,0,0,32,0,0,0,0,0,14,0,0,0,0,7,0,0,0,1,10,0,0,0,0,0,1,0,0,IS
1359,STRATH,4.00,79.8,75.6,60.44,71.4,78.5,77.6,63.8,71.6,73.3,73.1,69.1,0,67.37,77.41,68.67,77.1,77.9,0,0,0,42,0,80,0,0,0,18,0,0,0,0,0,2,0,0,0,0,0,0,0,0,1,8,0,0,0,0,0,1,0,1,IS
1360,STRATH,4.00,77.1,79.8,61.36,74.7,79.6,71.4,67.6,78.9,72,77.9,66.8,0,67.36,62.52,76.54,79.8,76.6,0,0,0,11.7,0,42,0,0,0,31,0,0,0,0,0,17,0,0,0,0,9,0,0,0,1,6,0,0,0,0,0,1,0,0,IS
1361,STRATH,4.00,50.1,52.6,48.18,53.6,56.1,53.5,47.6,57.9,52.7,57.4,40.7,0,52.79,60.2,60.13,54,56.3,0,0,0,43.2,0,42,0,0,0,22,0,0,0,0,0,21,0,0,0,0,10,0,0,0,1,15,0,0,0,0,0,1,0,0,IS
1362,STRATH,4.00,50.4,54.8,58.76,50.7,53.1,57.8,47.8,57.8,53.3,56.8,42.9,0,50.83,41.07,57.77,54.8,55,0,0,0,85.5,0,73,0,0,0,21,0,0,0,0,0,5,0,0,0,0,1,0,0,0,0,0,0,0,0,0,0,0,0,0,IS
1363,STRATH,4.00,59.4,56.2,50.67,55.3,57.1,53,41,59.5,50.2,57.4,42,0,48.26,41.72,50.88,50.5,56.8,0,0,0,99.9,0,94,0,0,0,6,0,0,0,0,0,0,0,0,0,0,0,0,0,0,1,7,0,0,0,0,0,1,0,0,IS
1364,STRATH,4.00,33,32,20.54,37.4,34.6,36.4,29.5,34.4,31.4,36.1,22.5,0,34.47,23.97,37.93,30.5,34.9,0,0,0,20.6,0,46,0,0,0,39,0,0,0,0,0,15,0,0,0,0,0,0,0,0,1,2,0,0,0,0,0,1,0,1,IS
1365,STRATH,4.00,34.1,31,32.2,35.4,37.6,39,28.3,37.1,35.5,30.5,29.9,0,39.51,26.03,34.85,32.3,39,0,0,0,27.1,0,54,0,0,0,41,0,0,0,0,0,2,0,0,0,0,2,0,0,0,1,8,0,0,0,0,0,1,0,0,IS
1366,STRATH,4.00,31.8,36.7,33.55,34.8,32.1,34.4,23.4,31.8,38.7,38.4,26.5,0,34.06,33.62,24.08,38.3,35.1,0,0,0,60.5,0,76,0,0,0,23,0,0,0,0,0,1,0,0,0,0,0,0,0,0,0,0,0,0,0,0,0,0,0,0,IS
1367,STRATH,4.00,11.2,10,18.27,17.1,15.4,10.4,2.8,14,12.8,18.5,2.4,0,7.32,15.75,12.95,10.4,13.8,0,0,0,44.4,0,47,0,0,0,23,0,0,0,0,0,14,0,0,0,0,9,0,0,0,1,14,0,0,0,0,0,1,0,0,IS
1368,STRATH,4.00,18.8,15.3,7.23,11.6,11.5,17.3,7.9,16.3,19.5,12.2,2.9,0,6.59,6.13,18.16,17.4,12.3,0,0,0,80.2,0,84,0,0,0,6,0,0,0,0,0,6,0,0,0,0,4,0,0,0,1,14,0,0,0,0,0,1,0,1,IS
1369,STRATH,4.00,15.4,19.4,10.55,14.6,14.7,12.5,2,15.3,16,15.7,4.6,0,17.62,13.81,18.76,10.2,17.1,0,0,0,19.1,0,96,0,0,0,3,0,0,0,0,0,1,0,0,0,0,0,0,0,0,0,0,0,0,0,0,0,0,0,0,IS
1370,STRATH,1.00,64.7,0,40.92,12.7,26.4,22.9,0,29.1,0,0,0,0,0,0,49.48,0,0,0,0,0,0,0,2,91,7,0,0,0,0,0,0,0,0,0,0,0,0,0,0,0,0,0,0,0,0,0,0,0,0,0,0,NC
1371,STRATH,1.00,65.9,0,45.54,12.5,28.2,22.8,0,26.9,0,0,0,0,0,0,44.99,0,0,0,0,0,0,0,10,58,23,0,0,0,0,0,0,0,0,0,0,0,0,0,0,0,0,0,0,0,0,0,0,0,0,0,0,NC
1372,STRATH,1.00,64.6,0,43.5,11.5,27.6,24.4,0,28.1,0,0,0,0,0,0,50.91,0,0,0,0,0,0,0,28,28,28,0,0,0,0,0,0,0,0,0,0,0,0,0,0,0,0,0,0,0,0,0,0,0,0,0,0,NC
1373,STRATH,1.00,51.1,0,34.28,9.8,20.8,18.1,0,22.4,0,0,0,0,0,0,37.01,0,0,0,0,0,0,0,8,73,15,0,0,0,0,0,0,0,0,0,0,0,0,0,0,0,0,0,0,0,0,0,0,0,0,0,0,NC
1374,STRATH,1.00,50.6,0,37.73,9.2,20,17.9,0,20,0,0,0,0,0,0,31.57,0,0,0,0,0,0,0,18,49,21,0,0,0,0,0,0,0,0,0,0,0,0,0,0,0,0,0,0,0,0,0,0,0,0,0,0,NC
1375,STRATH,1.00,47.3,0,33.44,9.5,22.8,19.3,0,20,0,0,0,0,0,0,32.86,0,0,0,0,0,0,0,2,62,34,0,0,0,0,0,0,0,0,0,0,0,0,0,0,0,0,0,0,0,0,0,0,0,0,0,0,NC
1376,STRATH,1.00,38.3,0,21.2,6.4,16.8,13.1,0,14.3,0,0,0,0,0,0,29.44,0,0,0,0,0,0,0,1,98,1,0,0,0,0,0,0,0,0,0,0,0,0,0,0,0,0,0,0,0,0,0,0,0,0,0,0,NC
1377,STRATH,1.00,35.9,0,27.36,5.8,15.8,13.6,0,16.1,0,0,0,0,0,0,27.28,0,0,0,0,0,0,0,11,64,17,0,0,0,0,0,0,0,0,0,0,0,0,0,0,0,0,0,0,0,0,0,0,0,0,0,0,NC
1378,STRATH,1.00,39.8,0,28.87,6.6,14.7,13.9,0,13.5,0,0,0,0,0,0,30.87,0,0,0,0,0,0,0,13,57,21,0,0,0,0,0,0,0,0,0,0,0,0,0,0,0,0,0,0,0,0,0,0,0,0,0,0,NC
1379,STRATH,1.00,21.5,0,12.08,3.7,10.1,9.2,0,7.3,0,0,0,0,0,0,15.45,0,0,0,0,0,0,0,12,53,25,0,0,0,0,0,0,0,0,0,0,0,0,0,0,0,0,0,0,0,0,0,0,0,0,0,0,NC
1380,STRATH,1.00,24.8,0,13.94,3,10.9,8.9,0,7.9,0,0,0,0,0,0,18.76,0,0,0,0,0,0,0,11,68,21,0,0,0,0,0,0,0,0,0,0,0,0,0,0,0,0,0,0,0,0,0,0,0,0,0,0,NC
1381,STRATH,1.00,22.8,0,20.85,4.2,10.9,7.8,0,8.9,0,0,0,0,0,0,14.32,0,0,0,0,0,0,0,9,46,41,0,0,0,0,0,0,0,0,0,0,0,0,0,0,0,0,0,0,0,0,0,0,0,0,0,0,NC
1382,STRATH,1.00,10.4,0,2.14,1.2,3.5,3.3,0,2.5,0,0,0,0,0,0,1.3,0,0,0,0,0,0,0,4,82,10,0,0,0,0,0,0,0,0,0,0,0,0,0,0,0,0,0,0,0,0,0,0,0,0,0,0,NC
1383,STRATH,1.00,10.8,0,6.33,0.6,3.6,3.4,0,0.8,0,0,0,0,0,0,10.38,0,0,0,0,0,0,0,19,35,23,0,0,0,0,0,0,0,0,0,0,0,0,0,0,0,0,0,0,0,0,0,0,0,0,0,0,NC
1384,STRATH,1.00,9.1,0,0.78,0.9,4.4,3.2,0,2.6,0,0,0,0,0,0,9.95,0,0,0,0,0,0,0,1,97,2,0,0,0,0,0,0,0,0,0,0,0,0,0,0,0,0,0,0,0,0,0,0,0,0,0,0,NC
1385,STRATH,2.00,95.7,30.1,75.53,46.8,81.8,18.7,46.4,59.2,0,0,0,0,0,0,49.64,0,0,0,0,0,0,0,5,78,12,0,0,0,0,0,0,0,0,0,0,0,0,0,0,0,0,1,5,0,0,0,0,0,0,1,0,NC
1386,STRATH,2.00,93.3,30.3,66.16,46.3,78.1,19.6,47.1,54.5,0,0,0,0,0,0,43.45,0,0,0,0,0,0,0,14,55,30,0,0,0,0,0,0,0,0,0,0,0,0,0,0,0,0,1,3,0,0,0,0,0,0,1,0,NC
1387,STRATH,2.00,93.9,30.1,69.46,46.3,83.9,19,46.2,56.5,0,0,0,0,0,0,44.83,0,0,0,0,0,0,0,7,57,36,0,0,0,0,0,0,0,0,0,0,0,0,0,0,0,0,1,2,0,0,0,0,0,0,1,0,NC
1388,STRATH,2.00,75.7,24.7,53.14,38.3,60.5,15.9,38.8,42.1,0,0,0,0,0,0,39.38,0,0,0,0,0,0,0,11,66,19,0,0,0,0,0,0,0,0,0,0,0,0,0,0,0,0,0,0,0,0,0,0,0,0,0,0,NC
1389,STRATH,2.00,76.3,24,60.45,36,67,15.1,35.9,42.9,0,0,0,0,0,0,40.91,0,0,0,0,0,0,0,5,77,13,0,0,0,0,0,0,0,0,0,0,0,0,0,0,0,0,0,0,0,0,0,0,0,0,0,0,NC
1390,STRATH,2.00,77,23.5,58.9,34.8,65.3,15.6,37,41,0,0,0,0,0,0,37.22,0,0,0,0,0,0,0,12,59,24,0,0,0,0,0,0,0,0,0,0,0,0,0,0,0,0,0,0,0,0,0,0,0,0,0,0,NC
1391,STRATH,2.00,59.9,17.9,35.4,24.3,44.3,11.6,25.7,30.1,0,0,0,0,0,0,30.36,0,0,0,0,0,0,0,21,37,37,0,0,0,0,0,0,0,0,0,0,0,0,0,0,0,0,0,0,0,0,0,0,0,0,0,0,NC
1392,STRATH,2.00,54.2,17.2,45.21,25.9,46,10.3,26.4,29.8,0,0,0,0,0,0,28.12,0,0,0,0,0,0,0,2,92,6,0,0,0,0,0,0,0,0,0,0,0,0,0,0,0,0,0,0,0,0,0,0,0,0,0,0,NC
1393,STRATH,2.00,59.3,19.9,42.55,26.3,48.7,10.9,27.6,30.9,0,0,0,0,0,0,28.69,0,0,0,0,0,0,0,5,49,41,0,0,0,0,0,0,0,0,0,0,0,0,0,0,0,0,0,0,0,0,0,0,0,0,0,0,NC
1394,STRATH,2.00,30.7,12.6,28.25,13.9,27.1,6.6,18.7,17.7,0,0,0,0,0,0,10.15,0,0,0,0,0,0,0,7,68,16,0,0,0,0,0,0,0,0,0,0,0,0,0,0,0,0,0,0,0,0,0,0,0,0,0,0,NC
1395,STRATH,2.00,34.8,12.1,28.45,11.7,32,7.4,17.3,19.9,0,0,0,0,0,0,15.11,0,0,0,0,0,0,0,8,77,14,0,0,0,0,0,0,0,0,0,0,0,0,0,0,0,0,0,0,0,0,0,0,0,0,0,0,NC
1396,STRATH,2.00,31.3,13.2,15.68,14.8,27.2,6.5,17.9,13.8,0,0,0,0,0,0,11.44,0,0,0,0,0,0,0,0,86,14,0,0,0,0,0,0,0,0,0,0,0,0,0,0,0,0,1,6,0,0,0,0,0,0,1,0,NC
1397,STRATH,2.00,18.1,6.6,8.95,1.7,12.3,3,5.5,5,0,0,0,0,0,0,10.74,0,0,0,0,0,0,0,9,62,25,0,0,0,0,0,0,0,0,0,0,0,0,0,0,0,0,0,0,0,0,0,0,0,0,0,0,NC
1398,STRATH,2.00,15.2,4,2.07,4,12,3,7.8,6.4,0,0,0,0,0,0,3.58,0,0,0,0,0,0,0,21,25,25,0,0,0,0,0,0,0,0,0,0,0,0,0,0,0,0,0,0,0,0,0,0,0,0,0,0,NC
1399,STRATH,2.00,18.9,3.9,13.03,2.9,8.9,2.5,5.7,2.2,0,0,0,0,0,0,2.73,0,0,0,0,0,0,0,1,91,7,0,0,0,0,0,0,0,0,0,0,0,0,0,0,0,0,0,0,0,0,0,0,0,0,0,0,NC
1400,STRATH,3.00,94.8,66.2,74.29,70.4,93.1,74.9,90.1,57.4,48.2,30.8,0,0,93.88,83.23,50.2,49.5,95.6,0,0,0,0,0,3,83,10,0,0,0,0,0,0,0,0,0,0,0,0,0,0,0,0,0,0,0,0,0,0,0,0,0,0,NC
1401,STRATH,3.00,91.7,65.2,60.5,72.2,98.4,74.5,91.7,55.9,47.9,32.5,0,0,85.15,98.37,49.49,46.3,94.5,0,0,0,0,0,15,40,32,0,0,0,0,0,0,0,0,0,0,0,0,0,0,0,0,1,6,0,0,0,0,0,0,1,0,NC
1402,STRATH,3.00,96.1,61.2,67.99,68.9,98,74.3,96,57.3,46.1,31.7,0,0,96.05,94.19,50.13,45.1,91.8,0,0,0,0,0,18,41,41,0,0,0,0,0,0,0,0,0,0,0,0,0,0,0,0,1,4,0,0,0,0,0,0,1,0,NC
1403,STRATH,3.00,79.5,50.5,59.42,56.7,74.8,55,73.1,45.6,35.3,25.2,0,0,66.22,80.24,30.2,39.1,79.1,0,0,0,0,0,11,69,19,0,0,0,0,0,0,0,0,0,0,0,0,0,0,0,0,0,0,0,0,0,0,0,0,0,0,NC
1404,STRATH,3.00,78.8,52.1,60.14,54.1,75.3,60,79.7,41.9,36.2,25.6,0,0,79.36,72.46,32.27,39.7,71.8,0,0,0,0,0,5,73,19,0,0,0,0,0,0,0,0,0,0,0,0,0,0,0,0,1,1,0,0,0,0,0,0,1,0,NC
1405,STRATH,3.00,77.4,48.4,57.64,51.9,71.5,55.1,74.3,43.2,35.7,23.5,0,0,66.46,63.72,39.15,39.7,76.7,0,0,0,0,0,14,54,24,0,0,0,0,0,0,0,0,0,0,0,0,0,0,0,0,0,0,0,0,0,0,0,0,0,0,NC
1406,STRATH,3.00,56.8,35.8,45.8,42,57.4,38.8,55.8,33,26.9,18.3,0,0,43.69,56.42,26.88,26.7,51.6,0,0,0,0,0,8,76,13,0,0,0,0,0,0,0,0,0,0,0,0,0,0,0,0,1,1,0,1,0,0,0,0,1,0,NC
1407,STRATH,3.00,59.3,35,37.06,41.4,50.2,40.9,58.6,33,28.3,19.6,0,0,44.26,57.79,21.56,26.6,51.1,0,0,0,0,0,8,71,18,0,0,0,0,0,0,0,0,0,0,0,0,0,0,0,0,0,0,0,0,0,0,0,0,0,0,NC
1408,STRATH,3.00,55.2,34.8,36.35,35.3,56.9,41,51.7,29.9,27.5,17.8,0,0,58.44,58.11,30.73,26.4,53.7,0,0,0,0,0,16,63,17,0,0,0,0,0,0,0,0,0,0,0,0,0,0,0,0,1,11,0,0,0,0,0,0,1,0,NC
1409,STRATH,3.00,35.5,26,17.88,19.8,39.4,29,38.9,14.7,19.5,10.1,0,0,34.6,38.23,17.03,19.3,39.6,0,0,0,0,0,10,68,13,0,0,0,0,0,0,0,0,0,0,0,0,0,0,0,0,0,0,0,0,0,0,0,0,0,0,NC
1410,STRATH,3.00,37.2,20,15.22,18,37.9,28.7,32.3,14.3,17.8,11.4,0,0,37.85,25.89,19.94,16,37.1,0,0,0,0,0,8,50,40,0,0,0,0,0,0,0,0,0,0,0,0,0,0,0,0,1,9,0,0,0,0,0,0,1,0,NC
1411,STRATH,3.00,40,24.7,18.22,20.8,32.9,25.2,30.2,19.1,17.9,13.3,0,0,24.09,26.34,15.88,19.7,37.6,0,0,0,0,0,1,92,7,0,0,0,0,0,0,0,0,0,0,0,0,0,0,0,0,0,0,0,0,0,0,0,0,0,0,NC
1412,STRATH,3.00,11.2,6.8,12.49,5,18.2,13.6,10.8,4.9,7.4,5,0,0,0.79,9.77,1.73,9.7,18.2,0,0,0,0,0,12,60,23,0,0,0,0,0,0,0,0,0,0,0,0,0,0,0,0,0,0,0,0,0,0,0,0,0,0,NC
1413,STRATH,3.00,12,12.8,3,4,16.8,13.7,13.5,1.6,8.6,5.7,0,0,7.31,12.82,4.59,5.2,16.4,0,0,0,0,0,17,65,18,0,0,0,0,0,0,0,0,0,0,0,0,0,0,0,0,0,0,0,0,0,0,0,0,0,0,NC
1414,STRATH,3.00,12.9,9,1,6.1,10.3,8.5,19.8,6.1,7.4,6.1,0,0,1.88,1.42,1.74,6.3,18.5,0,0,0,0,0,6,63,22,0,0,0,0,0,0,0,0,0,0,0,0,0,0,0,0,1,11,0,0,0,0,0,0,1,0,NC
1415,STRATH,4.00,94.5,95.9,84.89,80,95.1,97.5,93.1,81.2,93.4,90.7,96.8,0,90,90.21,100.02,92.4,97.4,0,0,0,0,0,9,52,31,0,0,0,0,0,0,0,0,0,0,0,0,0,0,0,0,1,16,0,1,0,0,0,0,1,0,NC
1416,STRATH,4.00,92,94.5,85.01,80.7,97,99.4,98.4,82,92.4,97.7,97.3,0,100.35,92.02,80.64,95.1,99.3,0,0,0,0,0,5,55,38,0,0,0,0,0,0,0,0,0,0,0,0,0,0,0,0,1,14,0,0,0,0,0,0,1,0,NC
1417,STRATH,4.00,99.9,91.1,90.76,85.2,93.9,95.5,95.6,83.6,90.5,92.1,91.8,0,93.61,90.35,88.76,95.9,96.4,0,0,0,0,0,11,64,18,0,0,0,0,0,0,0,0,0,0,0,0,0,0,0,0,1,5,0,0,0,0,0,0,1,0,NC
1418,STRATH,4.00,74.4,76.1,77.33,64.5,72.1,77.7,74.7,62.8,77.6,76.2,79.7,0,61.73,74.84,68.89,79.6,74.9,0,0,0,0,0,7,67,23,0,0,0,0,0,0,0,0,0,0,0,0,0,0,0,0,1,10,0,0,0,0,0,0,1,0,NC
1419,STRATH,4.00,74.3,75.8,60.44,60,79.2,75.1,74.9,60.2,70,70.5,74.3,0,67.37,77.41,68.67,72.2,70.6,0,0,0,0,0,15,63,16,0,0,0,0,0,0,0,0,0,0,0,0,0,0,0,0,1,8,0,1,0,0,0,0,1,0,NC
1420,STRATH,4.00,71.7,79.7,61.36,63.4,78.3,78.3,74.1,64.9,70.8,71,79.8,0,67.36,62.52,76.54,74.6,78.4,0,0,0,0,0,1,69,30,0,0,0,0,0,0,0,0,0,0,0,0,0,0,0,0,1,6,0,0,0,0,0,0,1,0,NC
1421,STRATH,4.00,55.5,53,48.18,42.3,54,55,56.9,41,53.2,55,57.3,0,52.79,60.2,60.13,57,52.9,0,0,0,0,0,14,57,29,0,0,0,0,0,0,0,0,0,0,0,0,0,0,0,0,1,15,0,1,0,0,0,0,1,0,NC
1422,STRATH,4.00,58.5,57.9,58.76,45.2,57,53.8,56.4,40.4,55.7,54.5,51.6,0,50.83,41.07,57.77,57,50.7,0,0,0,0,0,22,28,28,0,0,0,0,0,0,0,0,0,0,0,0,0,0,0,0,0,0,0,0,0,0,0,0,0,0,NC
1423,STRATH,4.00,58.8,56.7,50.67,42.2,55.6,58,56.2,41.9,55.1,57,54.3,0,48.26,41.72,50.88,57,58.1,0,0,0,0,0,5,85,10,0,0,0,0,0,0,0,0,0,0,0,0,0,0,0,0,1,7,0,0,0,0,0,0,1,0,NC
1424,STRATH,4.00,37.5,31.6,20.54,25.3,37.8,35.4,37.7,29.4,39.7,33.5,35.5,0,34.47,23.97,37.93,33.4,32.9,0,0,0,0,0,12,52,19,0,0,0,0,0,0,0,0,0,0,0,0,0,0,0,0,1,2,0,0,0,0,0,0,1,0,NC
1425,STRATH,4.00,34.4,30,32.2,27.2,34,31.2,38.6,28.3,36,33.8,35,0,39.51,26.03,34.85,34.3,31,0,0,0,0,0,3,79,16,0,0,0,0,0,0,0,0,0,0,0,0,0,0,0,0,1,8,0,0,0,0,0,0,1,0,NC
1426,STRATH,4.00,36.1,34.2,33.55,26.1,37.3,38.9,34.3,26,31,30.8,37.8,0,34.06,33.62,24.08,35.2,32,0,0,0,0,0,16,54,20,0,0,0,0,0,0,0,0,0,0,0,0,0,0,0,0,0,0,0,0,0,0,0,0,0,0,NC
1427,STRATH,4.00,15,19.9,18.27,8.8,17.7,16.3,16.8,3.4,11.2,12,12.5,0,7.32,15.75,12.95,17,19.2,0,0,0,0,0,0,97,3,0,0,0,0,0,0,0,0,0,0,0,0,0,0,0,0,1,14,0,0,0,0,0,0,1,0,NC
1428,STRATH,4.00,11.9,17.1,7.23,0.8,12.8,19.9,16.3,3.8,12.1,16.5,16.7,0,6.59,6.13,18.16,17.9,15.1,0,0,0,0,0,0,98,2,0,0,0,0,0,0,0,0,0,0,0,0,0,0,0,0,1,14,0,0,0,0,0,0,1,0,NC
1429,STRATH,4.00,15.1,16.1,10.55,2.8,15.9,18.3,17.2,3.5,15.3,13.2,10.1,0,17.62,13.81,18.76,13.6,19.5,0,0,0,0,0,8,45,41,0,0,0,0,0,0,0,0,0,0,0,0,0,0,0,0,0,0,0,0,0,0,0,0,0,0,NC
1430,STRATH,1.00,56.9,0,40.92,13.5,24.1,24,0,32.7,0,0,0,0,0,0,49.48,0,0,0,0,0,0,30,0,0,0,0,30.2,25,7,31,11,18,4.4,33,0,16,49,40.4,32.7,0,0,0,0,0,0,0,0,0,0,0,0,SD
1431,STRATH,1.00,54.2,0,45.54,13,22.9,23.5,0,33.1,0,0,0,0,0,0,44.99,0,0,0,0,0,0,33,4,0,0,0,9.1,31,11,2,43,24,66.9,27,3,1,30,14.8,14.3,0,0,0,0,0,0,0,0,0,0,0,0,SD
1432,STRATH,1.00,55.7,0,43.5,14.2,24.7,23.2,0,30.6,0,0,0,0,0,0,50.91,0,0,0,0,0,0,30,2,0,0,0,15.6,19,2,18,34,20,15.5,26,1,24,31,12.5,38.6,0,0,0,0,0,0,0,0,0,0,0,0,SD
1433,STRATH,1.00,40.9,0,34.28,11,19.5,19.6,0,25.8,0,0,0,0,0,0,37.01,0,0,0,0,0,0,20,4,0,0,0,65.4,27,30,1,3,40,97.3,13,0,15,20,67.9,47.4,0,0,0,0,0,0,0,0,0,0,0,0,SD
1434,STRATH,1.00,42.4,0,37.73,10.6,19.9,18.2,0,25.3,0,0,0,0,0,0,31.57,0,0,0,0,0,0,11,8,0,0,0,32.6,0,15,22,2,22,45,30,5,32,3,84.7,26.9,0,0,0,0,0,0,0,0,0,0,0,0,SD
1435,STRATH,1.00,44.3,0,33.44,10.4,18.1,17.9,0,26.5,0,0,0,0,0,0,32.86,0,0,0,0,0,0,4,12,0,0,0,0.1,43,20,38,27,25,29.8,41,0,21,15,19.3,37.8,0,0,0,0,0,0,0,0,0,0,0,0,SD
1436,STRATH,1.00,31.8,0,21.2,8.1,12,13,0,19.2,0,0,0,0,0,0,29.44,0,0,0,0,0,0,19,0,0,0,0,24.2,29,25,34,14,8,21.6,7,0,0,29,29.1,44.6,0,0,0,0,0,0,0,0,0,0,0,0,SD
1437,STRATH,1.00,31.5,0,27.36,8.3,12.6,12.6,0,19.5,0,0,0,0,0,0,27.28,0,0,0,0,0,0,27,4,0,0,0,0.5,28,3,46,40,31,38.9,13,0,6,9,3.5,35.4,0,0,0,0,0,0,0,0,0,0,0,0,SD
1438,STRATH,1.00,29,0,28.87,8.4,13.5,14.2,0,17.2,0,0,0,0,0,0,30.87,0,0,0,0,0,0,18,2,0,0,0,41.6,8,29,45,20,32,10.2,35,1,4,14,4.3,5.9,0,0,0,0,0,0,0,0,0,0,0,0,SD
1439,STRATH,1.00,15.4,0,12.08,4.8,7.6,8.1,0,10,0,0,0,0,0,0,15.45,0,0,0,0,0,0,16,6,0,0,0,2.2,20,10,15,20,22,36.1,22,4,31,0,41.8,1.5,0,0,0,0,0,0,0,0,0,0,0,0,SD
1440,STRATH,1.00,16.6,0,13.94,4.3,7.8,9.9,0,12.7,0,0,0,0,0,0,18.76,0,0,0,0,0,0,7,2,0,0,0,48.8,8,10,32,23,36,49.9,38,1,39,4,59.9,41.6,0,0,0,0,0,0,0,0,0,0,0,0,SD
1441,STRATH,1.00,18,0,20.85,4.6,6.8,7.7,0,11,0,0,0,0,0,0,14.32,0,0,0,0,0,0,16,0,0,0,0,37.9,17,10,3,15,3,27.8,25,0,42,19,38.5,42.9,0,0,0,0,0,0,0,0,0,0,0,0,SD
1442,STRATH,1.00,5.7,0,2.14,1.7,0.1,4.2,0,5.8,0,0,0,0,0,0,1.3,0,0,0,0,0,0,2,0,0,0,0,0.1,5,17,26,20,30,68.9,33,0,29,39,21.1,65.2,0,0,0,0,0,0,0,0,0,0,0,0,SD
1443,STRATH,1.00,5.4,0,6.33,2.7,0.1,4.4,0,3.4,0,0,0,0,0,0,10.38,0,0,0,0,0,0,7,0,0,0,0,9.8,19,18,4,36,8,43.3,24,0,33,36,65.7,11.9,0,0,0,0,0,0,0,0,0,0,0,0,SD
1444,STRATH,1.00,2.8,0,0.78,1.6,2.2,3.7,0,4.5,0,0,0,0,0,0,9.95,0,0,0,0,0,0,24,15,0,0,0,22.2,24,27,9,22,20,82.7,14,7,12,19,10.2,3.9,0,0,0,0,0,0,0,0,0,0,0,0,SD
1445,STRATH,2.00,82,30.2,75.53,55,71.7,18.1,42.7,65.1,0,0,0,0,0,0,49.64,0,0,0,0,0,0,27,1,0,0,0,34.4,11,1,29,26,29,88.5,26,0,30,14,20.6,27.7,0,0,1,5,0,0,0,0,0,0,0,1,SD
1446,STRATH,2.00,83.6,30.1,66.16,51.5,68.9,18.2,41.8,65.1,0,0,0,0,0,0,43.45,0,0,0,0,0,0,36,0,0,0,0,13.7,24,23,15,7,10,13.1,15,0,16,6,4.5,5.5,0,0,1,3,0,0,0,0,0,0,0,1,SD
1447,STRATH,2.00,81.9,30,69.46,52.2,74.5,18.9,43.5,65.7,0,0,0,0,0,0,44.83,0,0,0,0,0,0,20,12,0,0,0,30.1,1,29,21,25,30,34.9,11,12,21,19,47.7,7.2,0,0,1,2,0,0,0,0,0,0,0,1,SD
1448,STRATH,2.00,67.1,25.9,53.14,41.3,53,15.4,32.9,52.9,0,0,0,0,0,0,39.38,0,0,0,0,0,0,28,1,0,0,0,25.8,33,25,23,18,20,12.2,32,1,41,32,87.8,97,0,0,0,0,0,0,0,0,0,0,0,0,SD
1449,STRATH,2.00,65.2,25.8,60.45,40.9,58.8,14.9,32.5,52.9,0,0,0,0,0,0,40.91,0,0,0,0,0,0,28,1,0,0,0,35.2,12,15,45,20,10,45.1,42,0,19,24,59.8,7.1,0,0,0,0,0,0,0,0,0,0,0,0,SD
1450,STRATH,2.00,64.7,26.3,58.9,40.1,52.6,15.2,34.8,48.9,0,0,0,0,0,0,37.22,0,0,0,0,0,0,37,5,0,0,0,40.8,5,22,24,37,38,41.2,18,1,6,24,6.9,40,0,0,0,0,0,0,0,0,0,0,0,0,SD
1451,STRATH,2.00,46.1,19.9,35.4,33.2,41.4,10.5,23.3,33.5,0,0,0,0,0,0,30.36,0,0,0,0,0,0,28,9,0,0,0,51.6,6,7,26,9,35,4.4,38,3,8,12,41.1,53.7,0,0,0,0,0,0,0,0,0,0,0,0,SD
1452,STRATH,2.00,40.9,17.4,45.21,31.9,42.4,11.4,20.1,38.1,0,0,0,0,0,0,28.12,0,0,0,0,0,0,21,8,0,0,0,60.9,2,10,25,9,8,92.2,40,3,28,1,37.3,6.9,0,0,0,0,0,0,0,0,0,0,0,0,SD
1453,STRATH,2.00,50,19.6,42.55,31.6,34.9,12,23.3,37.7,0,0,0,0,0,0,28.69,0,0,0,0,0,0,14,2,0,0,0,59.5,19,13,22,28,39,21,3,1,0,4,38.5,1.7,0,0,0,0,0,0,0,0,0,0,0,0,SD
1454,STRATH,2.00,27.9,11.9,28.25,21.7,21.2,6.9,14,21.3,0,0,0,0,0,0,10.15,0,0,0,0,0,0,41,2,0,0,0,90.1,27,23,16,27,35,22.3,31,1,4,23,24.4,34.9,0,0,0,0,0,0,0,0,0,0,0,0,SD
1455,STRATH,2.00,26.9,11.7,28.45,20.1,18.9,7.6,13.4,21.5,0,0,0,0,0,0,15.11,0,0,0,0,0,0,13,4,0,0,0,10.2,26,28,38,42,22,18.5,19,1,35,42,93.5,57.4,0,0,0,0,0,0,0,0,0,0,0,0,SD
1456,STRATH,2.00,29.4,10,15.68,19.3,23.9,7.3,14.2,25,0,0,0,0,0,0,11.44,0,0,0,0,0,0,33,5,0,0,0,22.7,10,3,25,27,4,31.8,30,1,11,28,11.2,48.2,0,0,1,6,0,0,0,0,0,0,0,1,SD
1457,STRATH,2.00,8.8,5.6,8.95,7.2,4,2.3,2.7,8.9,0,0,0,0,0,0,10.74,0,0,0,0,0,0,29,3,0,0,0,79.6,17,12,26,9,26,24.1,27,2,30,15,47.6,19.8,0,0,0,0,0,0,0,0,0,0,0,0,SD
1458,STRATH,2.00,9.4,5.6,2.07,10.2,4.5,2.3,4.5,12.9,0,0,0,0,0,0,3.58,0,0,0,0,0,0,9,12,0,0,0,39.3,23,30,14,25,39,20.6,21,1,16,32,35.2,22.2,0,0,0,0,0,0,0,0,0,0,0,0,SD
1459,STRATH,2.00,6.7,6.5,13.03,7.1,7.3,4,0.5,12.6,0,0,0,0,0,0,2.73,0,0,0,0,0,0,26,8,0,0,0,10.4,16,29,29,6,45,0.3,33,3,7,23,46.4,48.5,0,0,0,0,0,0,0,0,0,0,0,0,SD
1460,STRATH,3.00,81.8,62.7,74.29,82.4,89.1,71.7,88.5,61.4,47.1,33.2,0,0,93.88,83.23,50.2,48.3,94.9,0,0,0,0,13,9,0,0,0,15,14,41,32,32,32,23.6,21,1,16,0,41.4,5.2,0,0,0,0,0,0,0,0,0,0,0,0,SD
1461,STRATH,3.00,83.9,61.3,60.5,81.8,88.2,67.5,86.9,62.2,48.9,31.6,0,0,85.15,98.37,49.49,46.4,95.5,0,0,0,0,35,1,0,0,0,5.9,29,48,46,10,31,65.5,41,0,31,20,14.9,0.9,0,0,1,6,0,0,0,0,0,0,0,1,SD
1462,STRATH,3.00,85.9,61.4,67.99,84.9,82.1,74.2,80.7,60.5,45.1,31.4,0,0,96.05,94.19,50.13,47.3,90.8,0,0,0,0,17,1,0,0,0,29.3,25,3,3,20,35,48.1,27,0,42,18,81.7,65.6,0,0,1,4,0,0,0,0,0,0,0,1,SD
1463,STRATH,3.00,61.6,46.8,59.42,66.8,65.2,53.5,67.6,50.6,37.7,23.9,0,0,66.22,80.24,30.2,39.2,75.9,0,0,0,0,31,8,0,0,0,41.8,11,31,24,6,36,89.5,13,1,20,18,1.2,19.8,0,0,0,0,0,0,0,0,0,0,0,0,SD
1464,STRATH,3.00,60.3,46.9,60.14,66.1,65,54.4,60.9,49.8,37.1,24.1,0,0,79.36,72.46,32.27,35.6,77.4,0,0,0,0,21,2,0,0,0,72.6,19,19,19,30,29,49.6,11,0,8,18,56,32.1,0,0,1,1,0,0,0,0,0,0,0,1,SD
1465,STRATH,3.00,65.6,50.9,57.64,65.6,61.5,56.6,61.7,46.9,35.4,26.5,0,0,66.46,63.72,39.15,39.6,77.9,0,0,0,0,1,0,0,0,0,51.9,18,16,5,22,13,96.6,28,0,3,5,24.6,11.1,0,0,0,0,0,0,0,0,0,0,0,0,SD
1466,STRATH,3.00,44.2,35.6,45.8,49.6,48.1,38.1,40.9,39.2,27.1,18.9,0,0,43.69,56.42,26.88,27.1,59.5,0,0,0,0,19,6,0,0,0,59.1,27,40,20,23,23,13.6,24,3,27,4,67.8,36.4,0,0,1,1,0,0,0,0,0,0,0,1,SD
1467,STRATH,3.00,45.1,39.6,37.06,46.6,42.3,37.5,44.1,33.4,25.1,19.7,0,0,44.26,57.79,21.56,28.4,53.1,0,0,0,0,35,10,0,0,0,12.8,35,40,2,11,21,95.9,22,0,30,21,42.7,37.4,0,0,0,0,0,0,0,0,0,0,0,0,SD
1468,STRATH,3.00,40.2,33.6,36.35,44.8,44.9,39.5,42.7,38.9,25.4,17.4,0,0,58.44,58.11,30.73,25.2,52,0,0,0,0,25,0,0,0,0,98,17,10,13,23,6,81,23,0,4,38,72.1,10.6,0,0,1,11,0,0,0,0,0,0,0,1,SD
1469,STRATH,3.00,25.2,25.8,17.88,32.9,29.8,23.1,29,23.2,19.8,13,0,0,34.6,38.23,17.03,19.8,39.1,0,0,0,0,35,0,0,0,0,3.5,12,21,23,9,24,78.1,40,0,14,20,23.6,49.4,0,0,0,0,0,0,0,0,0,0,0,0,SD
1470,STRATH,3.00,21.1,21,15.22,31.9,22.6,24.1,26.1,26.5,15.1,12.2,0,0,37.85,25.89,19.94,15.9,33.1,0,0,0,0,9,5,0,0,0,47.7,30,33,7,28,39,11.5,31,3,24,9,2.1,92.2,0,0,1,9,0,0,0,0,0,0,0,1,SD
1471,STRATH,3.00,24.7,22.1,18.22,31.7,21.7,25.9,25.9,25.7,17.6,13.2,0,0,24.09,26.34,15.88,17.9,34.8,0,0,0,0,24,1,0,0,0,44,18,19,5,24,2,14.4,22,0,9,28,26.2,41.6,0,0,0,0,0,0,0,0,0,0,0,0,SD
1472,STRATH,3.00,1.9,9.1,12.49,16.6,3.6,10.1,4,12.9,7.8,4.6,0,0,0.79,9.77,1.73,9.2,12.6,0,0,0,0,26,8,0,0,0,33.6,7,30,0,40,3,34.1,31,3,41,2,25.4,50.5,0,0,0,0,0,0,0,0,0,0,0,0,SD
1473,STRATH,3.00,5.8,11.9,3,16.8,4,12.5,2.5,12.6,8.2,6.1,0,0,7.31,12.82,4.59,8,10.8,0,0,0,0,40,6,0,0,0,17.4,29,46,16,18,18,21.5,36,2,35,23,40.5,39.8,0,0,0,0,0,0,0,0,0,0,0,0,SD
1474,STRATH,3.00,2.7,8.6,1,16.4,5.2,13.5,6.9,7.5,7.6,3.5,0,0,1.88,1.42,1.74,9.2,18.2,0,0,0,0,7,4,0,0,0,8,28,26,28,29,39,7.2,14,1,44,9,58.1,0.1,0,0,1,11,0,0,0,0,0,0,0,1,SD
1475,STRATH,4.00,82.1,98.2,84.89,91.9,85.5,94.8,81.7,96.6,94.4,95.7,92.3,0,90,90.21,100.02,94.3,98.8,0,0,0,0,12,0,0,0,0,32,23,32,11,10,6,6.9,14,0,12,19,31,96.9,0,0,1,16,0,0,0,0,0,0,0,1,SD
1476,STRATH,4.00,83.1,92.9,85.01,92.1,88.7,91.7,85.7,92.6,94.2,91.8,98,0,100.35,92.02,80.64,92.4,91.8,0,0,0,0,33,2,0,0,0,84.2,23,37,1,41,23,24.9,7,0,17,23,12,10.2,0,0,1,14,0,0,0,0,0,0,0,1,SD
1477,STRATH,4.00,82.4,97,90.76,91.5,85.8,96.2,86.3,97.8,96.4,99.5,92.4,0,93.61,90.35,88.76,90.6,90.1,0,0,0,0,12,12,0,0,0,90.8,26,33,38,29,22,23.8,42,9,21,34,24.5,76.9,0,0,1,5,0,0,0,0,0,0,0,1,SD
1478,STRATH,4.00,65.4,77,77.33,72.3,60.7,78.2,65.6,75.2,73.3,72,75.6,0,61.73,74.84,68.89,75.2,75.3,0,0,0,0,24,0,0,0,0,36.8,32,28,8,43,11,55.7,34,0,22,21,47.9,82.9,0,0,1,10,0,0,0,0,0,0,0,1,SD
1479,STRATH,4.00,69.1,72.7,60.44,71.8,61.4,70.9,61.7,76.1,74.7,77.1,77.8,0,67.37,77.41,68.67,72.4,73.1,0,0,0,0,24,7,0,0,0,13.7,27,15,12,24,34,36.3,31,1,28,12,26.2,31.1,0,0,1,8,0,0,0,0,0,0,0,1,SD
1480,STRATH,4.00,62.6,75.5,61.36,72.9,61,74.3,67.9,70.8,79.7,77.3,71,0,67.36,62.52,76.54,75,76.8,0,0,0,0,32,8,0,0,0,7.6,19,35,18,30,30,19.4,28,3,20,9,34.6,30.2,0,0,1,6,0,0,0,0,0,0,0,1,SD
1481,STRATH,4.00,43.4,51,48.18,51.4,44.8,58,46.5,59.3,56.6,50.5,54.3,0,52.79,60.2,60.13,58.9,58.9,0,0,0,0,21,2,0,0,0,10.5,8,29,41,23,16,21.4,28,0,35,38,96.1,22.1,0,0,1,15,0,0,0,0,0,0,0,1,SD
1482,STRATH,4.00,48.7,52.8,58.76,52.7,41.2,58.7,48.4,58.6,52.1,54,50.7,0,50.83,41.07,57.77,53.9,51.1,0,0,0,0,25,0,0,0,0,4.6,20,27,3,30,38,9.5,25,0,36,31,17.4,0.5,0,0,0,0,0,0,0,0,0,0,0,0,SD
1483,STRATH,4.00,43.6,51.2,50.67,59,40,52.6,49.6,58.7,51.4,53.6,50,0,48.26,41.72,50.88,59.2,58.7,0,0,0,0,29,10,0,0,0,65.5,33,31,33,16,30,32.6,33,9,9,7,28.1,73.6,0,0,1,7,0,0,0,0,0,0,0,1,SD
1484,STRATH,4.00,28,39.6,20.54,34.6,26.4,39.2,24.3,36.5,38.2,32.3,32.9,0,34.47,23.97,37.93,33.2,38.7,0,0,0,0,36,9,0,0,0,37.7,34,20,35,17,13,79.2,21,2,7,35,21.4,22.6,0,0,1,2,0,0,0,0,0,0,0,1,SD
1485,STRATH,4.00,23,39.3,32.2,36.7,27.3,38,22,34.8,38.5,33.9,39.3,0,39.51,26.03,34.85,30.4,32.7,0,0,0,0,21,3,0,0,0,14.1,23,12,22,17,35,82,10,0,17,15,95.5,4.2,0,0,1,8,0,0,0,0,0,0,0,1,SD
1486,STRATH,4.00,22.6,32.8,33.55,33.2,25.8,38.3,24.1,38.5,34.1,34.8,39.2,0,34.06,33.62,24.08,35.3,37,0,0,0,0,12,4,0,0,0,12.8,32,13,10,4,1,90.6,20,1,19,28,5.5,42.5,0,0,0,0,0,0,0,0,0,0,0,0,SD
1487,STRATH,4.00,7.3,17.8,18.27,18.4,8,16,7.9,18.9,19.1,16.6,10.6,0,7.32,15.75,12.95,17.2,19.2,0,0,0,0,18,3,0,0,0,75.5,24,7,0,0,8,1.2,29,0,14,9,15,30.4,0,0,1,14,0,0,0,0,0,0,0,1,SD
1488,STRATH,4.00,2.6,19.9,7.23,19.2,9.9,10.9,5.6,11.7,17.7,13.7,18.5,0,6.59,6.13,18.16,15.6,13.3,0,0,0,0,16,1,0,0,0,41.5,28,23,26,18,22,26.2,17,0,16,18,25.2,13.9,0,0,1,14,0,0,0,0,0,0,0,1,SD
1489,STRATH,4.00,5.4,15.7,10.55,17,3.4,14.8,7.7,11.3,18.9,19.2,12.7,0,17.62,13.81,18.76,12.9,18.1,0,0,0,0,22,5,0,0,0,20,17,44,27,23,14,45.2,35,4,24,14,31,31,0,0,0,0,0,0,0,0,0,0,0,0,SD